domain,file,relPath,extends_AbstractBusinessTool,has_doExecute,factoryId_in_signature,factoryId_ref_count,suspicious_count,risk,reason
foodsafety,AdditiveBomComplianceCheckTool.java,backend/java/cretas-api/src/main/java/com/cretas/aims/ai/tool/impl/foodsafety/AdditiveBomComplianceCheckTool.java,true,true,true,3,2,MEDIUM,"存在 2 条可疑模式需人工复核"
foodsafety,ColdChainAlertAcknowledgeTool.java,backend/java/cretas-api/src/main/java/com/cretas/aims/ai/tool/impl/foodsafety/ColdChainAlertAcknowledgeTool.java,true,true,true,3,2,MEDIUM,"存在 2 条可疑模式需人工复核"
foodsafety,ColdChainAlertActiveTool.java,backend/java/cretas-api/src/main/java/com/cretas/aims/ai/tool/impl/foodsafety/ColdChainAlertActiveTool.java,true,true,true,4,1,MEDIUM,"存在 1 条可疑模式需人工复核"
foodsafety,ColdChainTempQueryTool.java,backend/java/cretas-api/src/main/java/com/cretas/aims/ai/tool/impl/foodsafety/ColdChainTempQueryTool.java,true,true,true,5,2,MEDIUM,"存在 2 条可疑模式需人工复核"
foodsafety,CustomerNotifyBatchTool.java,backend/java/cretas-api/src/main/java/com/cretas/aims/ai/tool/impl/foodsafety/CustomerNotifyBatchTool.java,true,true,true,6,2,MEDIUM,"存在 2 条可疑模式需人工复核"
crm,CustomerPriceMemoryQueryTool.java,backend/java/cretas-api/src/main/java/com/cretas/aims/ai/tool/impl/crm/CustomerPriceMemoryQueryTool.java,true,true,true,4,2,MEDIUM,"存在 2 条可疑模式需人工复核"
foodsafety,FoodSampleCreateTool.java,backend/java/cretas-api/src/main/java/com/cretas/aims/ai/tool/impl/foodsafety/FoodSampleCreateTool.java,true,true,true,4,2,MEDIUM,"存在 2 条可疑模式需人工复核"
foodsafety,FoodSampleDisposeTool.java,backend/java/cretas-api/src/main/java/com/cretas/aims/ai/tool/impl/foodsafety/FoodSampleDisposeTool.java,true,true,true,3,2,MEDIUM,"存在 2 条可疑模式需人工复核"
foodsafety,HaccpCheckpointReviewTool.java,backend/java/cretas-api/src/main/java/com/cretas/aims/ai/tool/impl/foodsafety/HaccpCheckpointReviewTool.java,true,true,true,2,2,MEDIUM,"存在 2 条可疑模式需人工复核"
workdesk,HaccpStatusQueryTool.java,backend/java/cretas-api/src/main/java/com/cretas/aims/ai/tool/impl/workdesk/HaccpStatusQueryTool.java,true,true,true,2,2,MEDIUM,"存在 2 条可疑模式需人工复核"
foodsafety,NutritionLabelLookupTool.java,backend/java/cretas-api/src/main/java/com/cretas/aims/ai/tool/impl/foodsafety/NutritionLabelLookupTool.java,true,true,true,4,1,MEDIUM,"存在 1 条可疑模式需人工复核"
workdesk,PdaScanTaskGenerateTool.java,backend/java/cretas-api/src/main/java/com/cretas/aims/ai/tool/impl/workdesk/PdaScanTaskGenerateTool.java,true,true,true,5,1,MEDIUM,"存在 1 条可疑模式需人工复核"
system,PermissionAuditTool.java,backend/java/cretas-api/src/main/java/com/cretas/aims/ai/tool/impl/system/PermissionAuditTool.java,true,true,true,2,2,MEDIUM,"存在 2 条可疑模式需人工复核"
workdesk,PriceHistoryQueryTool.java,backend/java/cretas-api/src/main/java/com/cretas/aims/ai/tool/impl/workdesk/PriceHistoryQueryTool.java,true,true,true,2,1,MEDIUM,"存在 1 条可疑模式需人工复核"
pricing,PricingStrategyToggleTool.java,backend/java/cretas-api/src/main/java/com/cretas/aims/ai/tool/impl/pricing/PricingStrategyToggleTool.java,true,true,true,13,1,MEDIUM,"存在 1 条可疑模式需人工复核"
pricing,PricingStrategyUpdateTool.java,backend/java/cretas-api/src/main/java/com/cretas/aims/ai/tool/impl/pricing/PricingStrategyUpdateTool.java,true,true,true,13,1,MEDIUM,"存在 1 条可疑模式需人工复核"
purchase,ProcurementOrderCreateTool.java,backend/java/cretas-api/src/main/java/com/cretas/aims/ai/tool/impl/purchase/ProcurementOrderCreateTool.java,true,true,true,6,2,MEDIUM,"存在 2 条可疑模式需人工复核"
foodsafety,RecallLossEstimateTool.java,backend/java/cretas-api/src/main/java/com/cretas/aims/ai/tool/impl/foodsafety/RecallLossEstimateTool.java,true,true,true,5,2,MEDIUM,"存在 2 条可疑模式需人工复核"
foodsafety,RegulatoryReportGenerateTool.java,backend/java/cretas-api/src/main/java/com/cretas/aims/ai/tool/impl/foodsafety/RegulatoryReportGenerateTool.java,true,true,true,3,2,MEDIUM,"存在 2 条可疑模式需人工复核"
workdesk,RequisitionCreateTool.java,backend/java/cretas-api/src/main/java/com/cretas/aims/ai/tool/impl/workdesk/RequisitionCreateTool.java,true,true,true,3,1,MEDIUM,"存在 1 条可疑模式需人工复核"
workdesk,SalesForecast7DayTool.java,backend/java/cretas-api/src/main/java/com/cretas/aims/ai/tool/impl/workdesk/SalesForecast7DayTool.java,true,true,true,2,1,MEDIUM,"存在 1 条可疑模式需人工复核"
cron,ScheduledTaskDeleteTool.java,backend/java/cretas-api/src/main/java/com/cretas/aims/ai/tool/impl/cron/ScheduledTaskDeleteTool.java,true,true,true,1,2,MEDIUM,"存在 2 条可疑模式需人工复核"
cron,ScheduledTaskRunNowTool.java,backend/java/cretas-api/src/main/java/com/cretas/aims/ai/tool/impl/cron/ScheduledTaskRunNowTool.java,true,true,true,1,2,MEDIUM,"存在 2 条可疑模式需人工复核"
cron,ScheduledTaskToggleTool.java,backend/java/cretas-api/src/main/java/com/cretas/aims/ai/tool/impl/cron/ScheduledTaskToggleTool.java,true,true,true,1,2,MEDIUM,"存在 2 条可疑模式需人工复核"
cron,ScheduledTaskUpdateTool.java,backend/java/cretas-api/src/main/java/com/cretas/aims/ai/tool/impl/cron/ScheduledTaskUpdateTool.java,true,true,true,2,2,MEDIUM,"存在 2 条可疑模式需人工复核"
foodsafety,SsopExecuteCompleteTool.java,backend/java/cretas-api/src/main/java/com/cretas/aims/ai/tool/impl/foodsafety/SsopExecuteCompleteTool.java,true,true,true,3,2,MEDIUM,"存在 2 条可疑模式需人工复核"
foodsafety,SsopMonthlyAuditReportTool.java,backend/java/cretas-api/src/main/java/com/cretas/aims/ai/tool/impl/foodsafety/SsopMonthlyAuditReportTool.java,true,true,true,8,2,MEDIUM,"存在 2 条可疑模式需人工复核"
foodsafety,SsopProductionGateCheckTool.java,backend/java/cretas-api/src/main/java/com/cretas/aims/ai/tool/impl/foodsafety/SsopProductionGateCheckTool.java,true,true,true,5,1,MEDIUM,"存在 1 条可疑模式需人工复核"
workdesk,SupplierDeliveryEtaTool.java,backend/java/cretas-api/src/main/java/com/cretas/aims/ai/tool/impl/workdesk/SupplierDeliveryEtaTool.java,true,true,true,5,1,MEDIUM,"存在 1 条可疑模式需人工复核"
material,AbacaWeightLogTool.java,backend/java/cretas-api/src/main/java/com/cretas/aims/ai/tool/impl/material/AbacaWeightLogTool.java,true,true,true,4,0,LOW,"factoryId 被使用 4 次，无可疑模式"
material,AbacaWeightSummaryTool.java,backend/java/cretas-api/src/main/java/com/cretas/aims/ai/tool/impl/material/AbacaWeightSummaryTool.java,true,true,true,4,0,LOW,"factoryId 被使用 4 次，无可疑模式"
restaurant,AbstractRestaurantDiagnosticTool.java,backend/java/cretas-api/src/main/java/com/cretas/aims/ai/tool/impl/restaurant/diagnostic/AbstractRestaurantDiagnosticTool.java,true,true,true,5,0,LOW,"factoryId 被使用 5 次，无可疑模式"
workdesk,AccountQueryTool.java,backend/java/cretas-api/src/main/java/com/cretas/aims/ai/tool/impl/workdesk/AccountQueryTool.java,true,true,true,4,0,LOW,"factoryId 被使用 4 次，无可疑模式"
workdesk,AccountsReceivableAgingTool.java,backend/java/cretas-api/src/main/java/com/cretas/aims/ai/tool/impl/workdesk/AccountsReceivableAgingTool.java,true,true,true,4,0,LOW,"factoryId 被使用 4 次，无可疑模式"
workdesk,AccountTreeLookupTool.java,backend/java/cretas-api/src/main/java/com/cretas/aims/ai/tool/impl/workdesk/AccountTreeLookupTool.java,true,true,true,2,0,LOW,"factoryId 被使用 2 次，无可疑模式"
workdesk,AdditiveComplianceCheckQualityTool.java,backend/java/cretas-api/src/main/java/com/cretas/aims/ai/tool/impl/workdesk/AdditiveComplianceCheckQualityTool.java,true,true,true,1,0,LOW,"factoryId 被使用 1 次，无可疑模式"
foodsafety,AdditiveComplianceCheckTool.java,backend/java/cretas-api/src/main/java/com/cretas/aims/ai/tool/impl/foodsafety/AdditiveComplianceCheckTool.java,true,true,true,1,0,LOW,"factoryId 被使用 1 次，无可疑模式"
alert,AlertAcknowledgeTool.java,backend/java/cretas-api/src/main/java/com/cretas/aims/ai/tool/impl/alert/AlertAcknowledgeTool.java,true,true,true,2,0,LOW,"factoryId 被使用 2 次，无可疑模式"
alert,AlertActiveTool.java,backend/java/cretas-api/src/main/java/com/cretas/aims/ai/tool/impl/alert/AlertActiveTool.java,true,true,true,2,0,LOW,"factoryId 被使用 2 次，无可疑模式"
alert,AlertByEquipmentTool.java,backend/java/cretas-api/src/main/java/com/cretas/aims/ai/tool/impl/alert/AlertByEquipmentTool.java,true,true,true,2,0,LOW,"factoryId 被使用 2 次，无可疑模式"
alert,AlertByLevelTool.java,backend/java/cretas-api/src/main/java/com/cretas/aims/ai/tool/impl/alert/AlertByLevelTool.java,true,true,true,2,0,LOW,"factoryId 被使用 2 次，无可疑模式"
alert,AlertDiagnoseTool.java,backend/java/cretas-api/src/main/java/com/cretas/aims/ai/tool/impl/alert/AlertDiagnoseTool.java,true,true,true,2,0,LOW,"factoryId 被使用 2 次，无可疑模式"
alerts,AlertEventAcknowledgeTool.java,backend/java/cretas-api/src/main/java/com/cretas/aims/ai/tool/impl/alerts/AlertEventAcknowledgeTool.java,true,true,true,5,0,LOW,"factoryId 被使用 5 次，无可疑模式"
alerts,AlertEventQueryTool.java,backend/java/cretas-api/src/main/java/com/cretas/aims/ai/tool/impl/alerts/AlertEventQueryTool.java,true,true,true,4,0,LOW,"factoryId 被使用 4 次，无可疑模式"
alert,AlertListTool.java,backend/java/cretas-api/src/main/java/com/cretas/aims/ai/tool/impl/alert/AlertListTool.java,true,true,true,2,0,LOW,"factoryId 被使用 2 次，无可疑模式"
alert,AlertResolveTool.java,backend/java/cretas-api/src/main/java/com/cretas/aims/ai/tool/impl/alert/AlertResolveTool.java,true,true,true,2,0,LOW,"factoryId 被使用 2 次，无可疑模式"
alerts,AlertRuleCreateTool.java,backend/java/cretas-api/src/main/java/com/cretas/aims/ai/tool/impl/alerts/AlertRuleCreateTool.java,true,true,true,7,0,LOW,"factoryId 被使用 7 次，无可疑模式"
alerts,AlertRuleDeleteTool.java,backend/java/cretas-api/src/main/java/com/cretas/aims/ai/tool/impl/alerts/AlertRuleDeleteTool.java,true,true,true,5,0,LOW,"factoryId 被使用 5 次，无可疑模式"
alerts,AlertRuleToggleTool.java,backend/java/cretas-api/src/main/java/com/cretas/aims/ai/tool/impl/alerts/AlertRuleToggleTool.java,true,true,true,5,0,LOW,"factoryId 被使用 5 次，无可疑模式"
alerts,AlertRuleUpdateTool.java,backend/java/cretas-api/src/main/java/com/cretas/aims/ai/tool/impl/alerts/AlertRuleUpdateTool.java,true,true,true,6,0,LOW,"factoryId 被使用 6 次，无可疑模式"
alert,AlertStatsTool.java,backend/java/cretas-api/src/main/java/com/cretas/aims/ai/tool/impl/alert/AlertStatsTool.java,true,true,true,3,0,LOW,"factoryId 被使用 3 次，无可疑模式"
alert,AlertTriageTool.java,backend/java/cretas-api/src/main/java/com/cretas/aims/ai/tool/impl/alert/AlertTriageTool.java,true,true,true,4,0,LOW,"factoryId 被使用 4 次，无可疑模式"
system,ApprovalConfigTool.java,backend/java/cretas-api/src/main/java/com/cretas/aims/ai/tool/impl/system/ApprovalConfigTool.java,true,true,true,6,0,LOW,"factoryId 被使用 6 次，无可疑模式"
dataop,ApprovalRecordQueryTool.java,backend/java/cretas-api/src/main/java/com/cretas/aims/ai/tool/impl/dataop/ApprovalRecordQueryTool.java,true,true,true,4,0,LOW,"factoryId 被使用 4 次，无可疑模式"
hr,AttendanceAnomalyTool.java,backend/java/cretas-api/src/main/java/com/cretas/aims/ai/tool/impl/hr/AttendanceAnomalyTool.java,true,true,true,5,0,LOW,"factoryId 被使用 5 次，无可疑模式"
hr,AttendanceDepartmentTool.java,backend/java/cretas-api/src/main/java/com/cretas/aims/ai/tool/impl/hr/AttendanceDepartmentTool.java,true,true,true,5,0,LOW,"factoryId 被使用 5 次，无可疑模式"
hr,AttendanceHistoryTool.java,backend/java/cretas-api/src/main/java/com/cretas/aims/ai/tool/impl/hr/AttendanceHistoryTool.java,true,true,true,5,0,LOW,"factoryId 被使用 5 次，无可疑模式"
hr,AttendanceMonthlyTool.java,backend/java/cretas-api/src/main/java/com/cretas/aims/ai/tool/impl/hr/AttendanceMonthlyTool.java,true,true,true,5,0,LOW,"factoryId 被使用 5 次，无可疑模式"
hr,AttendanceStatsByDeptTool.java,backend/java/cretas-api/src/main/java/com/cretas/aims/ai/tool/impl/hr/AttendanceStatsByDeptTool.java,true,true,true,2,0,LOW,"factoryId 被使用 2 次，无可疑模式"
hr,AttendanceStatsTool.java,backend/java/cretas-api/src/main/java/com/cretas/aims/ai/tool/impl/hr/AttendanceStatsTool.java,true,true,true,6,0,LOW,"factoryId 被使用 6 次，无可疑模式"
hr,AttendanceStatusTool.java,backend/java/cretas-api/src/main/java/com/cretas/aims/ai/tool/impl/hr/AttendanceStatusTool.java,true,true,true,5,0,LOW,"factoryId 被使用 5 次，无可疑模式"
hr,AttendanceTodayTool.java,backend/java/cretas-api/src/main/java/com/cretas/aims/ai/tool/impl/hr/AttendanceTodayTool.java,true,true,true,5,0,LOW,"factoryId 被使用 5 次，无可疑模式"
workdesk,BalanceSheetQueryTool.java,backend/java/cretas-api/src/main/java/com/cretas/aims/ai/tool/impl/workdesk/BalanceSheetQueryTool.java,true,true,true,3,0,LOW,"factoryId 被使用 3 次，无可疑模式"
material,BatchConsumptionAdjustTool.java,backend/java/cretas-api/src/main/java/com/cretas/aims/ai/tool/impl/material/BatchConsumptionAdjustTool.java,true,true,true,3,0,LOW,"factoryId 被使用 3 次，无可疑模式"
material,BatchConsumptionQueryTool.java,backend/java/cretas-api/src/main/java/com/cretas/aims/ai/tool/impl/material/BatchConsumptionQueryTool.java,true,true,true,2,0,LOW,"factoryId 被使用 2 次，无可疑模式"
dataop,BatchDeleteConfirmTool.java,backend/java/cretas-api/src/main/java/com/cretas/aims/ai/tool/impl/dataop/BatchDeleteConfirmTool.java,true,true,true,4,0,LOW,"factoryId 被使用 4 次，无可疑模式"
foodsafety,BatchFullTraceTool.java,backend/java/cretas-api/src/main/java/com/cretas/aims/ai/tool/impl/foodsafety/BatchFullTraceTool.java,true,true,true,3,0,LOW,"factoryId 被使用 3 次，无可疑模式"
dataop,BatchStatusChangeTool.java,backend/java/cretas-api/src/main/java/com/cretas/aims/ai/tool/impl/dataop/BatchStatusChangeTool.java,true,true,true,7,0,LOW,"factoryId 被使用 7 次，无可疑模式"
dataop,BatchSupervisorQueryTool.java,backend/java/cretas-api/src/main/java/com/cretas/aims/ai/tool/impl/dataop/BatchSupervisorQueryTool.java,true,true,true,3,0,LOW,"factoryId 被使用 3 次，无可疑模式"
foodsafety,BatchTraceByCustomerDateTool.java,backend/java/cretas-api/src/main/java/com/cretas/aims/ai/tool/impl/foodsafety/BatchTraceByCustomerDateTool.java,true,true,true,3,0,LOW,"factoryId 被使用 3 次，无可疑模式"
dataop,BatchUpdateTool.java,backend/java/cretas-api/src/main/java/com/cretas/aims/ai/tool/impl/dataop/BatchUpdateTool.java,true,true,true,4,0,LOW,"factoryId 被使用 4 次，无可疑模式"
bom,BomBatchOperationTool.java,backend/java/cretas-api/src/main/java/com/cretas/aims/ai/tool/impl/bom/BomBatchOperationTool.java,true,true,true,9,0,LOW,"factoryId 被使用 9 次，无可疑模式"
material,BomExpansionTool.java,backend/java/cretas-api/src/main/java/com/cretas/aims/ai/tool/impl/material/BomExpansionTool.java,true,true,true,2,0,LOW,"factoryId 被使用 2 次，无可疑模式"
bom,BomRecipeActivateTool.java,backend/java/cretas-api/src/main/java/com/cretas/aims/ai/tool/impl/bom/BomRecipeActivateTool.java,true,true,true,3,0,LOW,"factoryId 被使用 3 次，无可疑模式"
bom,BomRecipeCloneWithModifyTool.java,backend/java/cretas-api/src/main/java/com/cretas/aims/ai/tool/impl/bom/BomRecipeCloneWithModifyTool.java,true,true,true,5,0,LOW,"factoryId 被使用 5 次，无可疑模式"
bom,BomRecipeCostCalculateTool.java,backend/java/cretas-api/src/main/java/com/cretas/aims/ai/tool/impl/bom/BomRecipeCostCalculateTool.java,true,true,true,3,0,LOW,"factoryId 被使用 3 次，无可疑模式"
bom,BomRecipeCreateFromSampleTool.java,backend/java/cretas-api/src/main/java/com/cretas/aims/ai/tool/impl/bom/BomRecipeCreateFromSampleTool.java,true,true,true,2,0,LOW,"factoryId 被使用 2 次，无可疑模式"
bom,BomRecipeCreateFromTextTool.java,backend/java/cretas-api/src/main/java/com/cretas/aims/ai/tool/impl/bom/BomRecipeCreateFromTextTool.java,true,true,true,4,0,LOW,"factoryId 被使用 4 次，无可疑模式"
bom,BomRecipeQueryTool.java,backend/java/cretas-api/src/main/java/com/cretas/aims/ai/tool/impl/bom/BomRecipeQueryTool.java,true,true,true,4,0,LOW,"factoryId 被使用 4 次，无可疑模式"
bom,BomReverseQueryTool.java,backend/java/cretas-api/src/main/java/com/cretas/aims/ai/tool/impl/bom/BomReverseQueryTool.java,true,true,true,3,0,LOW,"factoryId 被使用 3 次，无可疑模式"
bom,BomVersionApproveTool.java,backend/java/cretas-api/src/main/java/com/cretas/aims/ai/tool/impl/bom/BomVersionApproveTool.java,true,true,true,2,0,LOW,"factoryId 被使用 2 次，无可疑模式"
bom,BomVersionCreateTool.java,backend/java/cretas-api/src/main/java/com/cretas/aims/ai/tool/impl/bom/BomVersionCreateTool.java,true,true,true,3,0,LOW,"factoryId 被使用 3 次，无可疑模式"
bom,BomVersionHistoryTool.java,backend/java/cretas-api/src/main/java/com/cretas/aims/ai/tool/impl/bom/BomVersionHistoryTool.java,true,true,true,3,0,LOW,"factoryId 被使用 3 次，无可疑模式"
common,BusinessLinkQueryTool.java,backend/java/cretas-api/src/main/java/com/cretas/aims/ai/tool/impl/common/BusinessLinkQueryTool.java,true,true,true,3,0,LOW,"factoryId 被使用 3 次，无可疑模式"
workdesk,CallRecordFollowupPendingTool.java,backend/java/cretas-api/src/main/java/com/cretas/aims/ai/tool/impl/workdesk/CallRecordFollowupPendingTool.java,true,true,true,3,0,LOW,"factoryId 被使用 3 次，无可疑模式"
camera,CameraAddTool.java,backend/java/cretas-api/src/main/java/com/cretas/aims/ai/tool/impl/camera/CameraAddTool.java,true,true,true,2,0,LOW,"factoryId 被使用 2 次，无可疑模式"
camera,CameraCaptureTool.java,backend/java/cretas-api/src/main/java/com/cretas/aims/ai/tool/impl/camera/CameraCaptureTool.java,true,true,true,1,0,LOW,"factoryId 被使用 1 次，无可疑模式"
camera,CameraDetailTool.java,backend/java/cretas-api/src/main/java/com/cretas/aims/ai/tool/impl/camera/CameraDetailTool.java,true,true,true,2,0,LOW,"factoryId 被使用 2 次，无可疑模式"
camera,CameraEventsTool.java,backend/java/cretas-api/src/main/java/com/cretas/aims/ai/tool/impl/camera/CameraEventsTool.java,true,true,true,4,0,LOW,"factoryId 被使用 4 次，无可疑模式"
camera,CameraListTool.java,backend/java/cretas-api/src/main/java/com/cretas/aims/ai/tool/impl/camera/CameraListTool.java,true,true,true,3,0,LOW,"factoryId 被使用 3 次，无可疑模式"
camera,CameraStreamsTool.java,backend/java/cretas-api/src/main/java/com/cretas/aims/ai/tool/impl/camera/CameraStreamsTool.java,true,true,true,3,0,LOW,"factoryId 被使用 3 次，无可疑模式"
camera,CameraSyncTool.java,backend/java/cretas-api/src/main/java/com/cretas/aims/ai/tool/impl/camera/CameraSyncTool.java,true,true,true,4,0,LOW,"factoryId 被使用 4 次，无可疑模式"
camera,CameraTestConnectionTool.java,backend/java/cretas-api/src/main/java/com/cretas/aims/ai/tool/impl/camera/CameraTestConnectionTool.java,true,true,true,4,0,LOW,"factoryId 被使用 4 次，无可疑模式"
camera,CameraUnsubscribeTool.java,backend/java/cretas-api/src/main/java/com/cretas/aims/ai/tool/impl/camera/CameraUnsubscribeTool.java,true,true,true,4,0,LOW,"factoryId 被使用 4 次，无可疑模式"
canvas,CanvasAddAttachmentFieldTool.java,backend/java/cretas-api/src/main/java/com/cretas/aims/ai/tool/impl/canvas/CanvasAddAttachmentFieldTool.java,true,true,true,5,0,LOW,"factoryId 被使用 5 次，无可疑模式"
canvas,CanvasAddFieldTool.java,backend/java/cretas-api/src/main/java/com/cretas/aims/ai/tool/impl/canvas/CanvasAddFieldTool.java,true,true,true,5,0,LOW,"factoryId 被使用 5 次，无可疑模式"
canvas,CanvasAddSubTableTool.java,backend/java/cretas-api/src/main/java/com/cretas/aims/ai/tool/impl/canvas/CanvasAddSubTableTool.java,true,true,true,5,0,LOW,"factoryId 被使用 5 次，无可疑模式"
canvas,CanvasApplyTemplateTool.java,backend/java/cretas-api/src/main/java/com/cretas/aims/ai/tool/impl/canvas/CanvasApplyTemplateTool.java,true,true,true,6,0,LOW,"factoryId 被使用 6 次，无可疑模式"
canvas,CanvasSetApsWeightTool.java,backend/java/cretas-api/src/main/java/com/cretas/aims/ai/tool/impl/canvas/CanvasSetApsWeightTool.java,true,true,true,4,0,LOW,"factoryId 被使用 4 次，无可疑模式"
canvas,CanvasSetFormulaTool.java,backend/java/cretas-api/src/main/java/com/cretas/aims/ai/tool/impl/canvas/CanvasSetFormulaTool.java,true,true,true,5,0,LOW,"factoryId 被使用 5 次，无可疑模式"
canvas,CanvasSetUserPermissionTool.java,backend/java/cretas-api/src/main/java/com/cretas/aims/ai/tool/impl/canvas/CanvasSetUserPermissionTool.java,true,true,true,5,0,LOW,"factoryId 被使用 5 次，无可疑模式"
canvas,CanvasSetVisibilityTool.java,backend/java/cretas-api/src/main/java/com/cretas/aims/ai/tool/impl/canvas/CanvasSetVisibilityTool.java,true,true,true,8,0,LOW,"factoryId 被使用 8 次，无可疑模式"
canvas,CanvasToggleModuleTool.java,backend/java/cretas-api/src/main/java/com/cretas/aims/ai/tool/impl/canvas/CanvasToggleModuleTool.java,true,true,true,5,0,LOW,"factoryId 被使用 5 次，无可疑模式"
canvas,CanvasToggleSkillTool.java,backend/java/cretas-api/src/main/java/com/cretas/aims/ai/tool/impl/canvas/CanvasToggleSkillTool.java,true,true,true,7,0,LOW,"factoryId 被使用 7 次，无可疑模式"
canvas,CanvasToggleToolTool.java,backend/java/cretas-api/src/main/java/com/cretas/aims/ai/tool/impl/canvas/CanvasToggleToolTool.java,true,true,true,7,0,LOW,"factoryId 被使用 7 次，无可疑模式"
canvas,CanvasUpdateFieldTool.java,backend/java/cretas-api/src/main/java/com/cretas/aims/ai/tool/impl/canvas/CanvasUpdateFieldTool.java,true,true,true,5,0,LOW,"factoryId 被使用 5 次，无可疑模式"
canvas,CanvasUpdateTriggerChainTool.java,backend/java/cretas-api/src/main/java/com/cretas/aims/ai/tool/impl/canvas/CanvasUpdateTriggerChainTool.java,true,true,true,3,0,LOW,"factoryId 被使用 3 次，无可疑模式"
workdesk,CashflowStatementQueryTool.java,backend/java/cretas-api/src/main/java/com/cretas/aims/ai/tool/impl/workdesk/CashflowStatementQueryTool.java,true,true,true,3,0,LOW,"factoryId 被使用 3 次，无可疑模式"
quality,CcpMonitorDetectionTool.java,backend/java/cretas-api/src/main/java/com/cretas/aims/ai/tool/impl/quality/CcpMonitorDetectionTool.java,true,true,true,3,0,LOW,"factoryId 被使用 3 次，无可疑模式"
hr,ClockInTool.java,backend/java/cretas-api/src/main/java/com/cretas/aims/ai/tool/impl/hr/ClockInTool.java,true,true,true,6,0,LOW,"factoryId 被使用 6 次，无可疑模式"
hr,ClockOutTool.java,backend/java/cretas-api/src/main/java/com/cretas/aims/ai/tool/impl/hr/ClockOutTool.java,true,true,true,5,0,LOW,"factoryId 被使用 5 次，无可疑模式"
foodsafety,ColdChainEquipmentRegisterTool.java,backend/java/cretas-api/src/main/java/com/cretas/aims/ai/tool/impl/foodsafety/ColdChainEquipmentRegisterTool.java,true,true,true,5,0,LOW,"factoryId 被使用 5 次，无可疑模式"
dataop,ColdChainQueryTool.java,backend/java/cretas-api/src/main/java/com/cretas/aims/ai/tool/impl/dataop/ColdChainQueryTool.java,true,true,true,4,0,LOW,"factoryId 被使用 4 次，无可疑模式"
workdesk,CommissionPendingTotalTool.java,backend/java/cretas-api/src/main/java/com/cretas/aims/ai/tool/impl/workdesk/CommissionPendingTotalTool.java,true,true,true,4,0,LOW,"factoryId 被使用 4 次，无可疑模式"
system,ConfigResetTool.java,backend/java/cretas-api/src/main/java/com/cretas/aims/ai/tool/impl/system/ConfigResetTool.java,true,true,true,5,0,LOW,"factoryId 被使用 5 次，无可疑模式"
config,ConversionRateUpdateTool.java,backend/java/cretas-api/src/main/java/com/cretas/aims/ai/tool/impl/config/ConversionRateUpdateTool.java,true,true,true,5,0,LOW,"factoryId 被使用 5 次，无可疑模式"
crm,CustomerActiveTool.java,backend/java/cretas-api/src/main/java/com/cretas/aims/ai/tool/impl/crm/CustomerActiveTool.java,true,true,true,2,0,LOW,"factoryId 被使用 2 次，无可疑模式"
crm,CustomerByTypeTool.java,backend/java/cretas-api/src/main/java/com/cretas/aims/ai/tool/impl/crm/CustomerByTypeTool.java,true,true,true,3,0,LOW,"factoryId 被使用 3 次，无可疑模式"
crm,CustomerCreateTool.java,backend/java/cretas-api/src/main/java/com/cretas/aims/ai/tool/impl/crm/CustomerCreateTool.java,true,true,true,1,0,LOW,"factoryId 被使用 1 次，无可疑模式"
crm,CustomerCrmStatusQueryTool.java,backend/java/cretas-api/src/main/java/com/cretas/aims/ai/tool/impl/crm/CustomerCrmStatusQueryTool.java,true,true,true,3,0,LOW,"factoryId 被使用 3 次，无可疑模式"
crm,CustomerDeleteTool.java,backend/java/cretas-api/src/main/java/com/cretas/aims/ai/tool/impl/crm/CustomerDeleteTool.java,true,true,true,2,0,LOW,"factoryId 被使用 2 次，无可疑模式"
crm,CustomerListTool.java,backend/java/cretas-api/src/main/java/com/cretas/aims/ai/tool/impl/crm/CustomerListTool.java,true,true,true,2,0,LOW,"factoryId 被使用 2 次，无可疑模式"
workdesk,CustomerPriorityQueryTool.java,backend/java/cretas-api/src/main/java/com/cretas/aims/ai/tool/impl/workdesk/CustomerPriorityQueryTool.java,true,true,true,4,0,LOW,"factoryId 被使用 4 次，无可疑模式"
crm,CustomerPurchaseHistoryTool.java,backend/java/cretas-api/src/main/java/com/cretas/aims/ai/tool/impl/crm/CustomerPurchaseHistoryTool.java,true,true,true,2,0,LOW,"factoryId 被使用 2 次，无可疑模式"
workdesk,CustomerQualityStandardTool.java,backend/java/cretas-api/src/main/java/com/cretas/aims/ai/tool/impl/workdesk/CustomerQualityStandardTool.java,true,true,true,3,0,LOW,"factoryId 被使用 3 次，无可疑模式"
workdesk,CustomerRevenueTrendTool.java,backend/java/cretas-api/src/main/java/com/cretas/aims/ai/tool/impl/workdesk/CustomerRevenueTrendTool.java,true,true,true,4,0,LOW,"factoryId 被使用 4 次，无可疑模式"
crm,CustomerSearchTool.java,backend/java/cretas-api/src/main/java/com/cretas/aims/ai/tool/impl/crm/CustomerSearchTool.java,true,true,true,2,0,LOW,"factoryId 被使用 2 次，无可疑模式"
crm,CustomerStatsTool.java,backend/java/cretas-api/src/main/java/com/cretas/aims/ai/tool/impl/crm/CustomerStatsTool.java,true,true,true,5,0,LOW,"factoryId 被使用 5 次，无可疑模式"
crm,CustomerTrackingRecentQueryTool.java,backend/java/cretas-api/src/main/java/com/cretas/aims/ai/tool/impl/crm/CustomerTrackingRecentQueryTool.java,true,true,true,3,0,LOW,"factoryId 被使用 3 次，无可疑模式"
crm,CustomerUpdateTool.java,backend/java/cretas-api/src/main/java/com/cretas/aims/ai/tool/impl/crm/CustomerUpdateTool.java,true,true,true,1,0,LOW,"factoryId 被使用 1 次，无可疑模式"
dahua,DahuaDeviceManageTool.java,backend/java/cretas-api/src/main/java/com/cretas/aims/ai/tool/impl/dahua/DahuaDeviceManageTool.java,true,true,true,3,0,LOW,"factoryId 被使用 3 次，无可疑模式"
dahua,DahuaDiscoveryTool.java,backend/java/cretas-api/src/main/java/com/cretas/aims/ai/tool/impl/dahua/DahuaDiscoveryTool.java,true,true,true,3,0,LOW,"factoryId 被使用 3 次，无可疑模式"
dahua,DahuaSmartConfigTool.java,backend/java/cretas-api/src/main/java/com/cretas/aims/ai/tool/impl/dahua/DahuaSmartConfigTool.java,true,true,true,1,0,LOW,"factoryId 被使用 1 次，无可疑模式"
bom,EcnApproveTool.java,backend/java/cretas-api/src/main/java/com/cretas/aims/ai/tool/impl/bom/EcnApproveTool.java,true,true,true,3,0,LOW,"factoryId 被使用 3 次，无可疑模式"
bom,EcnCreateTool.java,backend/java/cretas-api/src/main/java/com/cretas/aims/ai/tool/impl/bom/EcnCreateTool.java,true,true,true,2,0,LOW,"factoryId 被使用 2 次，无可疑模式"
report,EfficiencyComparisonTool.java,backend/java/cretas-api/src/main/java/com/cretas/aims/ai/tool/impl/report/EfficiencyComparisonTool.java,true,true,true,5,0,LOW,"factoryId 被使用 5 次，无可疑模式"
equipment,EquipmentAnalyzeTool.java,backend/java/cretas-api/src/main/java/com/cretas/aims/ai/tool/impl/equipment/EquipmentAnalyzeTool.java,true,true,true,3,0,LOW,"factoryId 被使用 3 次，无可疑模式"
equipment,EquipmentBreakdownReportTool.java,backend/java/cretas-api/src/main/java/com/cretas/aims/ai/tool/impl/equipment/EquipmentBreakdownReportTool.java,true,true,true,3,0,LOW,"factoryId 被使用 3 次，无可疑模式"
equipment,EquipmentCameraStartTool.java,backend/java/cretas-api/src/main/java/com/cretas/aims/ai/tool/impl/equipment/EquipmentCameraStartTool.java,true,true,true,1,0,LOW,"factoryId 被使用 1 次，无可疑模式"
equipment,EquipmentCcpMonitorTool.java,backend/java/cretas-api/src/main/java/com/cretas/aims/ai/tool/impl/equipment/EquipmentCcpMonitorTool.java,true,true,true,4,0,LOW,"factoryId 被使用 4 次，无可疑模式"
equipment,EquipmentColdChainTool.java,backend/java/cretas-api/src/main/java/com/cretas/aims/ai/tool/impl/equipment/EquipmentColdChainTool.java,true,true,true,2,0,LOW,"factoryId 被使用 2 次，无可疑模式"
equipment,EquipmentDetailTool.java,backend/java/cretas-api/src/main/java/com/cretas/aims/ai/tool/impl/equipment/EquipmentDetailTool.java,true,true,true,2,0,LOW,"factoryId 被使用 2 次，无可疑模式"
equipment,EquipmentHealthDiagnosisTool.java,backend/java/cretas-api/src/main/java/com/cretas/aims/ai/tool/impl/equipment/EquipmentHealthDiagnosisTool.java,true,true,true,2,0,LOW,"factoryId 被使用 2 次，无可疑模式"
equipment,EquipmentListTool.java,backend/java/cretas-api/src/main/java/com/cretas/aims/ai/tool/impl/equipment/EquipmentListTool.java,true,true,true,2,0,LOW,"factoryId 被使用 2 次，无可疑模式"
equipment,EquipmentMaintenanceTool.java,backend/java/cretas-api/src/main/java/com/cretas/aims/ai/tool/impl/equipment/EquipmentMaintenanceTool.java,true,true,true,2,0,LOW,"factoryId 被使用 2 次，无可疑模式"
equipment,EquipmentSearchByNameTool.java,backend/java/cretas-api/src/main/java/com/cretas/aims/ai/tool/impl/equipment/EquipmentSearchByNameTool.java,true,true,true,2,0,LOW,"factoryId 被使用 2 次，无可疑模式"
equipment,EquipmentStartTool.java,backend/java/cretas-api/src/main/java/com/cretas/aims/ai/tool/impl/equipment/EquipmentStartTool.java,true,true,true,2,0,LOW,"factoryId 被使用 2 次，无可疑模式"
equipment,EquipmentStatsTool.java,backend/java/cretas-api/src/main/java/com/cretas/aims/ai/tool/impl/equipment/EquipmentStatsTool.java,true,true,true,3,0,LOW,"factoryId 被使用 3 次，无可疑模式"
equipment,EquipmentStatusQueryTool.java,backend/java/cretas-api/src/main/java/com/cretas/aims/ai/tool/impl/equipment/EquipmentStatusQueryTool.java,true,true,true,6,0,LOW,"factoryId 被使用 6 次，无可疑模式"
equipment,EquipmentStatusUpdateTool.java,backend/java/cretas-api/src/main/java/com/cretas/aims/ai/tool/impl/equipment/EquipmentStatusUpdateTool.java,true,true,true,2,0,LOW,"factoryId 被使用 2 次，无可疑模式"
equipment,EquipmentStopTool.java,backend/java/cretas-api/src/main/java/com/cretas/aims/ai/tool/impl/equipment/EquipmentStopTool.java,true,true,true,2,0,LOW,"factoryId 被使用 2 次，无可疑模式"
system,ExecuteSwitchTool.java,backend/java/cretas-api/src/main/java/com/cretas/aims/ai/tool/impl/system/ExecuteSwitchTool.java,true,true,true,1,0,LOW,"factoryId 被使用 1 次，无可疑模式"
hr,ExpenseRequestQueryTool.java,backend/java/cretas-api/src/main/java/com/cretas/aims/ai/tool/impl/hr/ExpenseRequestQueryTool.java,true,true,true,6,0,LOW,"factoryId 被使用 6 次，无可疑模式"
config,FactoryConfigAgentTool.java,backend/java/cretas-api/src/main/java/com/cretas/aims/ai/tool/impl/config/FactoryConfigAgentTool.java,true,true,true,4,0,LOW,"factoryId 被使用 4 次，无可疑模式"
system,FactoryFeatureToggleTool.java,backend/java/cretas-api/src/main/java/com/cretas/aims/ai/tool/impl/system/FactoryFeatureToggleTool.java,true,true,true,5,0,LOW,"factoryId 被使用 5 次，无可疑模式"
system,FactoryNotificationConfigTool.java,backend/java/cretas-api/src/main/java/com/cretas/aims/ai/tool/impl/system/FactoryNotificationConfigTool.java,true,true,true,5,0,LOW,"factoryId 被使用 5 次，无可疑模式"
finance,FinanceDupontTool.java,backend/java/cretas-api/src/main/java/com/cretas/aims/ai/tool/impl/finance/FinanceDupontTool.java,true,true,true,2,0,LOW,"factoryId 被使用 2 次，无可疑模式"
finance,FinanceLiquidityTool.java,backend/java/cretas-api/src/main/java/com/cretas/aims/ai/tool/impl/finance/FinanceLiquidityTool.java,true,true,true,2,0,LOW,"factoryId 被使用 2 次，无可疑模式"
finance,FinancePptExportTool.java,backend/java/cretas-api/src/main/java/com/cretas/aims/ai/tool/impl/finance/FinancePptExportTool.java,true,true,true,2,0,LOW,"factoryId 被使用 2 次，无可疑模式"
finance,FinanceRoaTool.java,backend/java/cretas-api/src/main/java/com/cretas/aims/ai/tool/impl/finance/FinanceRoaTool.java,true,true,true,2,0,LOW,"factoryId 被使用 2 次，无可疑模式"
finance,FinanceRoeTool.java,backend/java/cretas-api/src/main/java/com/cretas/aims/ai/tool/impl/finance/FinanceRoeTool.java,true,true,true,2,0,LOW,"factoryId 被使用 2 次，无可疑模式"
finance,FinanceSolvencyTool.java,backend/java/cretas-api/src/main/java/com/cretas/aims/ai/tool/impl/finance/FinanceSolvencyTool.java,true,true,true,2,0,LOW,"factoryId 被使用 2 次，无可疑模式"
finance,FinanceStatsTool.java,backend/java/cretas-api/src/main/java/com/cretas/aims/ai/tool/impl/finance/FinanceStatsTool.java,true,true,true,2,0,LOW,"factoryId 被使用 2 次，无可疑模式"
finance,FinancialChartGenerateTool.java,backend/java/cretas-api/src/main/java/com/cretas/aims/ai/tool/impl/finance/FinancialChartGenerateTool.java,true,true,true,1,0,LOW,"factoryId 被使用 1 次，无可疑模式"
foodknowledge,FoodKnowledgeQueryTool.java,backend/java/cretas-api/src/main/java/com/cretas/aims/ai/tool/impl/foodknowledge/FoodKnowledgeQueryTool.java,true,true,true,1,0,LOW,"factoryId 被使用 1 次，无可疑模式"
foodsafety,FoodSampleQueryPendingDisposeTool.java,backend/java/cretas-api/src/main/java/com/cretas/aims/ai/tool/impl/foodsafety/FoodSampleQueryPendingDisposeTool.java,true,true,true,4,0,LOW,"factoryId 被使用 4 次，无可疑模式"
foodsafety,FoodSampleTraceTool.java,backend/java/cretas-api/src/main/java/com/cretas/aims/ai/tool/impl/foodsafety/FoodSampleTraceTool.java,true,true,true,2,0,LOW,"factoryId 被使用 2 次，无可疑模式"
form,FormGenerationTool.java,backend/java/cretas-api/src/main/java/com/cretas/aims/ai/tool/impl/form/FormGenerationTool.java,true,true,true,3,0,LOW,"factoryId 被使用 3 次，无可疑模式"
dataop,GenericDetailTool.java,backend/java/cretas-api/src/main/java/com/cretas/aims/ai/tool/impl/dataop/GenericDetailTool.java,true,true,true,1,0,LOW,"factoryId 被使用 1 次，无可疑模式"
decoration,HomeLayoutGenerateTool.java,backend/java/cretas-api/src/main/java/com/cretas/aims/ai/tool/impl/decoration/HomeLayoutGenerateTool.java,true,true,true,2,0,LOW,"factoryId 被使用 2 次，无可疑模式"
decoration,HomeLayoutSuggestTool.java,backend/java/cretas-api/src/main/java/com/cretas/aims/ai/tool/impl/decoration/HomeLayoutSuggestTool.java,true,true,true,2,0,LOW,"factoryId 被使用 2 次，无可疑模式"
decoration,HomeLayoutUpdateTool.java,backend/java/cretas-api/src/main/java/com/cretas/aims/ai/tool/impl/decoration/HomeLayoutUpdateTool.java,true,true,true,3,0,LOW,"factoryId 被使用 3 次，无可疑模式"
hr,HRDeleteEmployeeTool.java,backend/java/cretas-api/src/main/java/com/cretas/aims/ai/tool/impl/hr/HRDeleteEmployeeTool.java,true,true,true,3,0,LOW,"factoryId 被使用 3 次，无可疑模式"
canvas,HttpCallTool.java,backend/java/cretas-api/src/main/java/com/cretas/aims/ai/tool/impl/canvas/HttpCallTool.java,true,true,true,2,0,LOW,"factoryId 被使用 2 次，无可疑模式"
workdesk,IncomeStatementQueryTool.java,backend/java/cretas-api/src/main/java/com/cretas/aims/ai/tool/impl/workdesk/IncomeStatementQueryTool.java,true,true,true,3,0,LOW,"factoryId 被使用 3 次，无可疑模式"
indicator,IndicatorAlertTool.java,backend/java/cretas-api/src/main/java/com/cretas/aims/ai/tool/impl/indicator/IndicatorAlertTool.java,true,true,true,4,0,LOW,"factoryId 被使用 4 次，无可疑模式"
indicator,IndicatorComparisonTool.java,backend/java/cretas-api/src/main/java/com/cretas/aims/ai/tool/impl/indicator/IndicatorComparisonTool.java,true,true,true,3,0,LOW,"factoryId 被使用 3 次，无可疑模式"
indicator,IndicatorQueryTool.java,backend/java/cretas-api/src/main/java/com/cretas/aims/ai/tool/impl/indicator/IndicatorQueryTool.java,true,true,true,3,0,LOW,"factoryId 被使用 3 次，无可疑模式"
foodsafety,InventoryFreezeTool.java,backend/java/cretas-api/src/main/java/com/cretas/aims/ai/tool/impl/foodsafety/InventoryFreezeTool.java,true,true,true,2,0,LOW,"factoryId 被使用 2 次，无可疑模式"
dataop,InventoryOperationTool.java,backend/java/cretas-api/src/main/java/com/cretas/aims/ai/tool/impl/dataop/InventoryOperationTool.java,true,true,true,5,0,LOW,"factoryId 被使用 5 次，无可疑模式"
finance,InvoiceApproveTool.java,backend/java/cretas-api/src/main/java/com/cretas/aims/ai/tool/impl/finance/InvoiceApproveTool.java,true,true,true,1,0,LOW,"factoryId 被使用 1 次，无可疑模式"
finance,InvoiceRequestFromOrderTool.java,backend/java/cretas-api/src/main/java/com/cretas/aims/ai/tool/impl/finance/InvoiceRequestFromOrderTool.java,true,true,true,1,0,LOW,"factoryId 被使用 1 次，无可疑模式"
finance,InvoiceRequestTool.java,backend/java/cretas-api/src/main/java/com/cretas/aims/ai/tool/impl/finance/InvoiceRequestTool.java,true,true,true,1,0,LOW,"factoryId 被使用 1 次，无可疑模式"
finance,InvoiceStatusTool.java,backend/java/cretas-api/src/main/java/com/cretas/aims/ai/tool/impl/finance/InvoiceStatusTool.java,true,true,true,2,0,LOW,"factoryId 被使用 2 次，无可疑模式"
isapi,IsapiDetectionEventsQueryTool.java,backend/java/cretas-api/src/main/java/com/cretas/aims/ai/tool/impl/isapi/IsapiDetectionEventsQueryTool.java,true,true,true,2,0,LOW,"factoryId 被使用 2 次，无可疑模式"
isapi,IsapiFieldDetectionConfigTool.java,backend/java/cretas-api/src/main/java/com/cretas/aims/ai/tool/impl/isapi/IsapiFieldDetectionConfigTool.java,true,true,true,3,0,LOW,"factoryId 被使用 3 次，无可疑模式"
isapi,IsapiLineDetectionConfigTool.java,backend/java/cretas-api/src/main/java/com/cretas/aims/ai/tool/impl/isapi/IsapiLineDetectionConfigTool.java,true,true,true,3,0,LOW,"factoryId 被使用 3 次，无可疑模式"
hr,LeaveBalanceQueryTool.java,backend/java/cretas-api/src/main/java/com/cretas/aims/ai/tool/impl/hr/LeaveBalanceQueryTool.java,true,true,true,3,0,LOW,"factoryId 被使用 3 次，无可疑模式"
hr,LeaveRequestApproveTool.java,backend/java/cretas-api/src/main/java/com/cretas/aims/ai/tool/impl/hr/LeaveRequestApproveTool.java,true,true,true,7,0,LOW,"factoryId 被使用 7 次，无可疑模式"
hr,LeaveRequestQueryTool.java,backend/java/cretas-api/src/main/java/com/cretas/aims/ai/tool/impl/hr/LeaveRequestQueryTool.java,true,true,true,7,0,LOW,"factoryId 被使用 7 次，无可疑模式"
hr,LeaveRequestSubmitTool.java,backend/java/cretas-api/src/main/java/com/cretas/aims/ai/tool/impl/hr/LeaveRequestSubmitTool.java,true,true,true,7,0,LOW,"factoryId 被使用 7 次，无可疑模式"
lineage,LineageQueryTool.java,backend/java/cretas-api/src/main/java/com/cretas/aims/ai/tool/impl/lineage/LineageQueryTool.java,true,true,true,5,0,LOW,"factoryId 被使用 5 次，无可疑模式"
material,MaterialAdjustQuantityTool.java,backend/java/cretas-api/src/main/java/com/cretas/aims/ai/tool/impl/material/MaterialAdjustQuantityTool.java,true,true,true,3,0,LOW,"factoryId 被使用 3 次，无可疑模式"
material,MaterialBatchConsumeTool.java,backend/java/cretas-api/src/main/java/com/cretas/aims/ai/tool/impl/material/MaterialBatchConsumeTool.java,true,true,true,3,0,LOW,"factoryId 被使用 3 次，无可疑模式"
material,MaterialBatchCreateTool.java,backend/java/cretas-api/src/main/java/com/cretas/aims/ai/tool/impl/material/MaterialBatchCreateTool.java,true,true,true,4,0,LOW,"factoryId 被使用 4 次，无可疑模式"
material,MaterialBatchDeleteTool.java,backend/java/cretas-api/src/main/java/com/cretas/aims/ai/tool/impl/material/MaterialBatchDeleteTool.java,true,true,true,3,0,LOW,"factoryId 被使用 3 次，无可疑模式"
material,MaterialBatchQueryTool.java,backend/java/cretas-api/src/main/java/com/cretas/aims/ai/tool/impl/material/MaterialBatchQueryTool.java,true,true,true,2,0,LOW,"factoryId 被使用 2 次，无可疑模式"
material,MaterialBatchReleaseTool.java,backend/java/cretas-api/src/main/java/com/cretas/aims/ai/tool/impl/material/MaterialBatchReleaseTool.java,true,true,true,3,0,LOW,"factoryId 被使用 3 次，无可疑模式"
material,MaterialBatchReserveTool.java,backend/java/cretas-api/src/main/java/com/cretas/aims/ai/tool/impl/material/MaterialBatchReserveTool.java,true,true,true,3,0,LOW,"factoryId 被使用 3 次，无可疑模式"
material,MaterialBatchSupervisorTool.java,backend/java/cretas-api/src/main/java/com/cretas/aims/ai/tool/impl/material/MaterialBatchSupervisorTool.java,true,true,true,3,0,LOW,"factoryId 被使用 3 次，无可疑模式"
material,MaterialBatchUseTool.java,backend/java/cretas-api/src/main/java/com/cretas/aims/ai/tool/impl/material/MaterialBatchUseTool.java,true,true,true,1,0,LOW,"factoryId 被使用 1 次，无可疑模式"
material,MaterialBatchWipQueryTool.java,backend/java/cretas-api/src/main/java/com/cretas/aims/ai/tool/impl/material/MaterialBatchWipQueryTool.java,true,true,true,10,0,LOW,"factoryId 被使用 10 次，无可疑模式"
material,MaterialBatchWorkersTool.java,backend/java/cretas-api/src/main/java/com/cretas/aims/ai/tool/impl/material/MaterialBatchWorkersTool.java,true,true,true,3,0,LOW,"factoryId 被使用 3 次，无可疑模式"
workdesk,MaterialDisposalRecommendationTool.java,backend/java/cretas-api/src/main/java/com/cretas/aims/ai/tool/impl/workdesk/MaterialDisposalRecommendationTool.java,true,true,true,3,0,LOW,"factoryId 被使用 3 次，无可疑模式"
material,MaterialExpiredQueryTool.java,backend/java/cretas-api/src/main/java/com/cretas/aims/ai/tool/impl/material/MaterialExpiredQueryTool.java,true,true,true,3,0,LOW,"factoryId 被使用 3 次，无可疑模式"
material,MaterialExpiringAlertTool.java,backend/java/cretas-api/src/main/java/com/cretas/aims/ai/tool/impl/material/MaterialExpiringAlertTool.java,true,true,true,3,0,LOW,"factoryId 被使用 3 次，无可疑模式"
material,MaterialFifoRecommendTool.java,backend/java/cretas-api/src/main/java/com/cretas/aims/ai/tool/impl/material/MaterialFifoRecommendTool.java,true,true,true,3,0,LOW,"factoryId 被使用 3 次，无可疑模式"
material,MaterialInventoryOutboundTool.java,backend/java/cretas-api/src/main/java/com/cretas/aims/ai/tool/impl/material/MaterialInventoryOutboundTool.java,true,true,true,3,0,LOW,"factoryId 被使用 3 次，无可疑模式"
material,MaterialLowStockAlertTool.java,backend/java/cretas-api/src/main/java/com/cretas/aims/ai/tool/impl/material/MaterialLowStockAlertTool.java,true,true,true,3,0,LOW,"factoryId 被使用 3 次，无可疑模式"
material,MaterialMarkAbacaTool.java,backend/java/cretas-api/src/main/java/com/cretas/aims/ai/tool/impl/material/MaterialMarkAbacaTool.java,true,true,true,3,0,LOW,"factoryId 被使用 3 次，无可疑模式"
material,MaterialPendingQuantityTool.java,backend/java/cretas-api/src/main/java/com/cretas/aims/ai/tool/impl/material/MaterialPendingQuantityTool.java,true,true,true,3,0,LOW,"factoryId 被使用 3 次，无可疑模式"
material,MaterialProcessingCurrentStepTool.java,backend/java/cretas-api/src/main/java/com/cretas/aims/ai/tool/impl/material/MaterialProcessingCurrentStepTool.java,true,true,true,3,0,LOW,"factoryId 被使用 3 次，无可疑模式"
material,MaterialProcessingStepTool.java,backend/java/cretas-api/src/main/java/com/cretas/aims/ai/tool/impl/material/MaterialProcessingStepTool.java,true,true,true,4,0,LOW,"factoryId 被使用 4 次，无可疑模式"
material,MaterialProductionLineStartTool.java,backend/java/cretas-api/src/main/java/com/cretas/aims/ai/tool/impl/material/MaterialProductionLineStartTool.java,true,true,true,4,0,LOW,"factoryId 被使用 4 次，无可疑模式"
material,MaterialRejectionReasonTool.java,backend/java/cretas-api/src/main/java/com/cretas/aims/ai/tool/impl/material/MaterialRejectionReasonTool.java,true,true,true,3,0,LOW,"factoryId 被使用 3 次，无可疑模式"
factory,MaterialRequisitionCloseTool.java,backend/java/cretas-api/src/main/java/com/cretas/aims/ai/tool/impl/factory/MaterialRequisitionCloseTool.java,true,true,true,1,0,LOW,"factoryId 被使用 1 次，无可疑模式"
factory,MaterialRequisitionGenerateTool.java,backend/java/cretas-api/src/main/java/com/cretas/aims/ai/tool/impl/factory/MaterialRequisitionGenerateTool.java,true,true,true,1,0,LOW,"factoryId 被使用 1 次，无可疑模式"
factory,MaterialRequisitionQueryPendingTool.java,backend/java/cretas-api/src/main/java/com/cretas/aims/ai/tool/impl/factory/MaterialRequisitionQueryPendingTool.java,true,true,true,1,0,LOW,"factoryId 被使用 1 次，无可疑模式"
material,MaterialStockSummaryTool.java,backend/java/cretas-api/src/main/java/com/cretas/aims/ai/tool/impl/material/MaterialStockSummaryTool.java,true,true,true,4,0,LOW,"factoryId 被使用 4 次，无可疑模式"
workdesk,MaterialTodayReceivingQueryTool.java,backend/java/cretas-api/src/main/java/com/cretas/aims/ai/tool/impl/workdesk/MaterialTodayReceivingQueryTool.java,true,true,true,2,0,LOW,"factoryId 被使用 2 次，无可疑模式"
material,MaterialUpdateTool.java,backend/java/cretas-api/src/main/java/com/cretas/aims/ai/tool/impl/material/MaterialUpdateTool.java,true,true,true,3,0,LOW,"factoryId 被使用 3 次，无可疑模式"
material,MaterialWorkerCountTool.java,backend/java/cretas-api/src/main/java/com/cretas/aims/ai/tool/impl/material/MaterialWorkerCountTool.java,true,true,true,5,0,LOW,"factoryId 被使用 5 次，无可疑模式"
system,NavigateOutOfDomainTool.java,backend/java/cretas-api/src/main/java/com/cretas/aims/ai/tool/impl/system/NavigateOutOfDomainTool.java,true,true,true,1,0,LOW,"factoryId 被使用 1 次，无可疑模式"
notify,NotifyLogQueryTool.java,backend/java/cretas-api/src/main/java/com/cretas/aims/ai/tool/impl/notify/NotifyLogQueryTool.java,true,true,true,5,0,LOW,"factoryId 被使用 5 次，无可疑模式"
notify,NotifySendTool.java,backend/java/cretas-api/src/main/java/com/cretas/aims/ai/tool/impl/notify/NotifySendTool.java,true,true,true,8,0,LOW,"factoryId 被使用 8 次，无可疑模式"
notify,NotifyTemplateCreateTool.java,backend/java/cretas-api/src/main/java/com/cretas/aims/ai/tool/impl/notify/NotifyTemplateCreateTool.java,true,true,true,10,0,LOW,"factoryId 被使用 10 次，无可疑模式"
notify,NotifyTemplateDeleteTool.java,backend/java/cretas-api/src/main/java/com/cretas/aims/ai/tool/impl/notify/NotifyTemplateDeleteTool.java,true,true,true,7,0,LOW,"factoryId 被使用 7 次，无可疑模式"
notify,NotifyTemplateUpdateTool.java,backend/java/cretas-api/src/main/java/com/cretas/aims/ai/tool/impl/notify/NotifyTemplateUpdateTool.java,true,true,true,7,0,LOW,"factoryId 被使用 7 次，无可疑模式"
foodsafety,NutritionLabelGenerateTool.java,backend/java/cretas-api/src/main/java/com/cretas/aims/ai/tool/impl/foodsafety/NutritionLabelGenerateTool.java,true,true,true,5,0,LOW,"factoryId 被使用 5 次，无可疑模式"
dataop,OnlineStaffCountTool.java,backend/java/cretas-api/src/main/java/com/cretas/aims/ai/tool/impl/dataop/OnlineStaffCountTool.java,true,true,true,4,0,LOW,"factoryId 被使用 4 次，无可疑模式"
system,OperationLogQueryTool.java,backend/java/cretas-api/src/main/java/com/cretas/aims/ai/tool/impl/system/OperationLogQueryTool.java,true,true,true,2,0,LOW,"factoryId 被使用 2 次，无可疑模式"
workdesk,OpportunityFunnelStatsTool.java,backend/java/cretas-api/src/main/java/com/cretas/aims/ai/tool/impl/workdesk/OpportunityFunnelStatsTool.java,true,true,true,4,0,LOW,"factoryId 被使用 4 次，无可疑模式"
workdesk,OpportunityStageAlertTool.java,backend/java/cretas-api/src/main/java/com/cretas/aims/ai/tool/impl/workdesk/OpportunityStageAlertTool.java,true,true,true,4,0,LOW,"factoryId 被使用 4 次，无可疑模式"
workdesk,OpportunityTransitionStageTool.java,backend/java/cretas-api/src/main/java/com/cretas/aims/ai/tool/impl/workdesk/OpportunityTransitionStageTool.java,true,true,true,3,0,LOW,"factoryId 被使用 3 次，无可疑模式"
dataop,OrderApprovalTool.java,backend/java/cretas-api/src/main/java/com/cretas/aims/ai/tool/impl/dataop/OrderApprovalTool.java,true,true,true,3,0,LOW,"factoryId 被使用 3 次，无可疑模式"
crm,OrderCreateTool.java,backend/java/cretas-api/src/main/java/com/cretas/aims/ai/tool/impl/crm/OrderCreateTool.java,true,true,true,2,0,LOW,"factoryId 被使用 2 次，无可疑模式"
crm,OrderDeleteTool.java,backend/java/cretas-api/src/main/java/com/cretas/aims/ai/tool/impl/crm/OrderDeleteTool.java,true,true,true,1,0,LOW,"factoryId 被使用 1 次，无可疑模式"
crm,OrderListTool.java,backend/java/cretas-api/src/main/java/com/cretas/aims/ai/tool/impl/crm/OrderListTool.java,true,true,true,3,0,LOW,"factoryId 被使用 3 次，无可疑模式"
crm,OrderQueryTool.java,backend/java/cretas-api/src/main/java/com/cretas/aims/ai/tool/impl/crm/OrderQueryTool.java,true,true,true,4,0,LOW,"factoryId 被使用 4 次，无可疑模式"
crm,OrderStatsTool.java,backend/java/cretas-api/src/main/java/com/cretas/aims/ai/tool/impl/crm/OrderStatsTool.java,true,true,true,6,0,LOW,"factoryId 被使用 6 次，无可疑模式"
crm,OrderUpdateTool.java,backend/java/cretas-api/src/main/java/com/cretas/aims/ai/tool/impl/crm/OrderUpdateTool.java,true,true,true,1,0,LOW,"factoryId 被使用 1 次，无可疑模式"
system,OutOfDomainTool.java,backend/java/cretas-api/src/main/java/com/cretas/aims/ai/tool/impl/system/OutOfDomainTool.java,true,true,true,1,0,LOW,"factoryId 被使用 1 次，无可疑模式"
hr,OvertimeRequestQueryTool.java,backend/java/cretas-api/src/main/java/com/cretas/aims/ai/tool/impl/hr/OvertimeRequestQueryTool.java,true,true,true,6,0,LOW,"factoryId 被使用 6 次，无可疑模式"
pagedesign,PageComponentAddTool.java,backend/java/cretas-api/src/main/java/com/cretas/aims/ai/tool/impl/pagedesign/PageComponentAddTool.java,true,true,true,3,0,LOW,"factoryId 被使用 3 次，无可疑模式"
pagedesign,PageDataBindTool.java,backend/java/cretas-api/src/main/java/com/cretas/aims/ai/tool/impl/pagedesign/PageDataBindTool.java,true,true,true,2,0,LOW,"factoryId 被使用 2 次，无可疑模式"
pagedesign,PageGenerateTool.java,backend/java/cretas-api/src/main/java/com/cretas/aims/ai/tool/impl/pagedesign/PageGenerateTool.java,true,true,true,3,0,LOW,"factoryId 被使用 3 次，无可疑模式"
pagedesign,PageStyleUpdateTool.java,backend/java/cretas-api/src/main/java/com/cretas/aims/ai/tool/impl/pagedesign/PageStyleUpdateTool.java,true,true,true,2,0,LOW,"factoryId 被使用 2 次，无可疑模式"
system,PasswordResetTool.java,backend/java/cretas-api/src/main/java/com/cretas/aims/ai/tool/impl/system/PasswordResetTool.java,true,true,true,1,0,LOW,"factoryId 被使用 1 次，无可疑模式"
finance,PaymentRecordTool.java,backend/java/cretas-api/src/main/java/com/cretas/aims/ai/tool/impl/finance/PaymentRecordTool.java,true,true,true,1,0,LOW,"factoryId 被使用 1 次，无可疑模式"
sales,PaymentStatusTool.java,backend/java/cretas-api/src/main/java/com/cretas/aims/ai/tool/impl/sales/PaymentStatusTool.java,true,true,true,2,0,LOW,"factoryId 被使用 2 次，无可疑模式"
restaurant,PerformanceRuleManageTool.java,backend/java/cretas-api/src/main/java/com/cretas/aims/ai/tool/impl/restaurant/PerformanceRuleManageTool.java,true,true,true,1,0,LOW,"factoryId 被使用 1 次，无可疑模式"
workdesk,PeriodConfirmCloseTool.java,backend/java/cretas-api/src/main/java/com/cretas/aims/ai/tool/impl/workdesk/PeriodConfirmCloseTool.java,true,true,true,2,0,LOW,"factoryId 被使用 2 次，无可疑模式"
workdesk,PeriodReopenTool.java,backend/java/cretas-api/src/main/java/com/cretas/aims/ai/tool/impl/workdesk/PeriodReopenTool.java,true,true,true,2,0,LOW,"factoryId 被使用 2 次，无可疑模式"
workdesk,PeriodRequestCloseTool.java,backend/java/cretas-api/src/main/java/com/cretas/aims/ai/tool/impl/workdesk/PeriodRequestCloseTool.java,true,true,true,2,0,LOW,"factoryId 被使用 2 次，无可疑模式"
workdesk,PeriodStatusQueryTool.java,backend/java/cretas-api/src/main/java/com/cretas/aims/ai/tool/impl/workdesk/PeriodStatusQueryTool.java,true,true,true,5,0,LOW,"factoryId 被使用 5 次，无可疑模式"
system,PermissionQueryTool.java,backend/java/cretas-api/src/main/java/com/cretas/aims/ai/tool/impl/system/PermissionQueryTool.java,true,true,true,1,0,LOW,"factoryId 被使用 1 次，无可疑模式"
restaurant,PieceworkConfigTool.java,backend/java/cretas-api/src/main/java/com/cretas/aims/ai/tool/impl/restaurant/PieceworkConfigTool.java,true,true,true,2,0,LOW,"factoryId 被使用 2 次，无可疑模式"
dataop,PlanUpdateTool.java,backend/java/cretas-api/src/main/java/com/cretas/aims/ai/tool/impl/dataop/PlanUpdateTool.java,true,true,true,9,0,LOW,"factoryId 被使用 9 次，无可疑模式"
pricing,PricingStrategyCreateTool.java,backend/java/cretas-api/src/main/java/com/cretas/aims/ai/tool/impl/pricing/PricingStrategyCreateTool.java,true,true,true,11,0,LOW,"factoryId 被使用 11 次，无可疑模式"
pricing,PricingStrategyListTool.java,backend/java/cretas-api/src/main/java/com/cretas/aims/ai/tool/impl/pricing/PricingStrategyListTool.java,true,true,true,10,0,LOW,"factoryId 被使用 10 次，无可疑模式"
pricing,PricingTestCalculateTool.java,backend/java/cretas-api/src/main/java/com/cretas/aims/ai/tool/impl/pricing/PricingTestCalculateTool.java,true,true,true,10,0,LOW,"factoryId 被使用 10 次，无可疑模式"
print,PrintDocumentTool.java,backend/java/cretas-api/src/main/java/com/cretas/aims/ai/tool/impl/print/PrintDocumentTool.java,true,true,true,2,0,LOW,"factoryId 被使用 2 次，无可疑模式"
print,PrintTemplateCreateFromAITool.java,backend/java/cretas-api/src/main/java/com/cretas/aims/ai/tool/impl/print/PrintTemplateCreateFromAITool.java,true,true,true,2,0,LOW,"factoryId 被使用 2 次，无可疑模式"
processing,ProcessingBatchCancelTool.java,backend/java/cretas-api/src/main/java/com/cretas/aims/ai/tool/impl/processing/ProcessingBatchCancelTool.java,true,true,true,2,0,LOW,"factoryId 被使用 2 次，无可疑模式"
processing,ProcessingBatchCompleteTool.java,backend/java/cretas-api/src/main/java/com/cretas/aims/ai/tool/impl/processing/ProcessingBatchCompleteTool.java,true,true,true,2,0,LOW,"factoryId 被使用 2 次，无可疑模式"
processing,ProcessingBatchCreateTool.java,backend/java/cretas-api/src/main/java/com/cretas/aims/ai/tool/impl/processing/ProcessingBatchCreateTool.java,true,true,true,4,0,LOW,"factoryId 被使用 4 次，无可疑模式"
dataop,ProcessingBatchCreateToolDataOp.java,backend/java/cretas-api/src/main/java/com/cretas/aims/ai/tool/impl/dataop/ProcessingBatchCreateToolDataOp.java,true,true,true,4,0,LOW,"factoryId 被使用 4 次，无可疑模式"
processing,ProcessingBatchDetailTool.java,backend/java/cretas-api/src/main/java/com/cretas/aims/ai/tool/impl/processing/ProcessingBatchDetailTool.java,true,true,true,2,0,LOW,"factoryId 被使用 2 次，无可疑模式"
processing,ProcessingBatchListTool.java,backend/java/cretas-api/src/main/java/com/cretas/aims/ai/tool/impl/processing/ProcessingBatchListTool.java,true,true,true,2,0,LOW,"factoryId 被使用 2 次，无可疑模式"
processing,ProcessingBatchPauseTool.java,backend/java/cretas-api/src/main/java/com/cretas/aims/ai/tool/impl/processing/ProcessingBatchPauseTool.java,true,true,true,2,0,LOW,"factoryId 被使用 2 次，无可疑模式"
processing,ProcessingBatchResumeTool.java,backend/java/cretas-api/src/main/java/com/cretas/aims/ai/tool/impl/processing/ProcessingBatchResumeTool.java,true,true,true,2,0,LOW,"factoryId 被使用 2 次，无可疑模式"
processing,ProcessingBatchStartTool.java,backend/java/cretas-api/src/main/java/com/cretas/aims/ai/tool/impl/processing/ProcessingBatchStartTool.java,true,true,true,2,0,LOW,"factoryId 被使用 2 次，无可疑模式"
processing,ProcessingBatchTimelineTool.java,backend/java/cretas-api/src/main/java/com/cretas/aims/ai/tool/impl/processing/ProcessingBatchTimelineTool.java,true,true,true,2,0,LOW,"factoryId 被使用 2 次，无可疑模式"
processing,ProcessingBatchWorkersTool.java,backend/java/cretas-api/src/main/java/com/cretas/aims/ai/tool/impl/processing/ProcessingBatchWorkersTool.java,true,true,true,4,0,LOW,"factoryId 被使用 4 次，无可疑模式"
workdesk,ProcessingCapacityTodayTool.java,backend/java/cretas-api/src/main/java/com/cretas/aims/ai/tool/impl/workdesk/ProcessingCapacityTodayTool.java,true,true,true,2,0,LOW,"factoryId 被使用 2 次，无可疑模式"
dataop,ProcessingStepQueryTool.java,backend/java/cretas-api/src/main/java/com/cretas/aims/ai/tool/impl/dataop/ProcessingStepQueryTool.java,true,true,true,4,0,LOW,"factoryId 被使用 4 次，无可疑模式"
processing,ProcessingWorkerAssignTool.java,backend/java/cretas-api/src/main/java/com/cretas/aims/ai/tool/impl/processing/ProcessingWorkerAssignTool.java,true,true,true,4,0,LOW,"factoryId 被使用 4 次，无可疑模式"
processing,ProcessingWorkerCheckoutTool.java,backend/java/cretas-api/src/main/java/com/cretas/aims/ai/tool/impl/processing/ProcessingWorkerCheckoutTool.java,true,true,true,4,0,LOW,"factoryId 被使用 4 次，无可疑模式"
processing,ProcessTaskAnalysisTool.java,backend/java/cretas-api/src/main/java/com/cretas/aims/ai/tool/impl/processing/ProcessTaskAnalysisTool.java,true,true,true,3,0,LOW,"factoryId 被使用 3 次，无可疑模式"
processing,ProcessTaskCreateTool.java,backend/java/cretas-api/src/main/java/com/cretas/aims/ai/tool/impl/processing/ProcessTaskCreateTool.java,true,true,true,2,0,LOW,"factoryId 被使用 2 次，无可疑模式"
processing,ProcessTaskQueryTool.java,backend/java/cretas-api/src/main/java/com/cretas/aims/ai/tool/impl/processing/ProcessTaskQueryTool.java,true,true,true,3,0,LOW,"factoryId 被使用 3 次，无可疑模式"
processing,ProcessTaskSummaryTool.java,backend/java/cretas-api/src/main/java/com/cretas/aims/ai/tool/impl/processing/ProcessTaskSummaryTool.java,true,true,true,2,0,LOW,"factoryId 被使用 2 次，无可疑模式"
production,ProductionBatchCreateTool.java,backend/java/cretas-api/src/main/java/com/cretas/aims/ai/tool/impl/production/ProductionBatchCreateTool.java,true,true,true,7,0,LOW,"factoryId 被使用 7 次，无可疑模式"
processing,ProductionConfirmWorkersPresentTool.java,backend/java/cretas-api/src/main/java/com/cretas/aims/ai/tool/impl/processing/ProductionConfirmWorkersPresentTool.java,true,true,true,3,0,LOW,"factoryId 被使用 3 次，无可疑模式"
production,ProductionDemandQueryTool.java,backend/java/cretas-api/src/main/java/com/cretas/aims/ai/tool/impl/production/ProductionDemandQueryTool.java,true,true,true,2,0,LOW,"factoryId 被使用 2 次，无可疑模式"
dataop,ProductionPlanCreateTool.java,backend/java/cretas-api/src/main/java/com/cretas/aims/ai/tool/impl/dataop/ProductionPlanCreateTool.java,true,true,true,3,0,LOW,"factoryId 被使用 3 次，无可疑模式"
production,ProductionPlanDeliveryWarnTool.java,backend/java/cretas-api/src/main/java/com/cretas/aims/ai/tool/impl/production/ProductionPlanDeliveryWarnTool.java,true,true,true,1,0,LOW,"factoryId 被使用 1 次，无可疑模式"
production,ProductionProgressDashboardTool.java,backend/java/cretas-api/src/main/java/com/cretas/aims/ai/tool/impl/production/ProductionProgressDashboardTool.java,true,true,true,1,0,LOW,"factoryId 被使用 1 次，无可疑模式"
dataop,ProductTypeQueryTool.java,backend/java/cretas-api/src/main/java/com/cretas/aims/ai/tool/impl/dataop/ProductTypeQueryTool.java,true,true,true,4,0,LOW,"factoryId 被使用 4 次，无可疑模式"
dataop,ProductUpdateTool.java,backend/java/cretas-api/src/main/java/com/cretas/aims/ai/tool/impl/dataop/ProductUpdateTool.java,true,true,true,2,0,LOW,"factoryId 被使用 2 次，无可疑模式"
workprocess,ProductWorkProcessConfigTool.java,backend/java/cretas-api/src/main/java/com/cretas/aims/ai/tool/impl/workprocess/ProductWorkProcessConfigTool.java,true,true,true,2,0,LOW,"factoryId 被使用 2 次，无可疑模式"
workprocess,ProductWorkProcessRecommendTool.java,backend/java/cretas-api/src/main/java/com/cretas/aims/ai/tool/impl/workprocess/ProductWorkProcessRecommendTool.java,true,true,true,1,0,LOW,"factoryId 被使用 1 次，无可疑模式"
system,ProfileEditTool.java,backend/java/cretas-api/src/main/java/com/cretas/aims/ai/tool/impl/system/ProfileEditTool.java,true,true,true,1,0,LOW,"factoryId 被使用 1 次，无可疑模式"
purchase,PurchaseFinanceApproveTool.java,backend/java/cretas-api/src/main/java/com/cretas/aims/ai/tool/impl/purchase/PurchaseFinanceApproveTool.java,true,true,true,2,0,LOW,"factoryId 被使用 2 次，无可疑模式"
purchase,PurchaseOrderApproveTool.java,backend/java/cretas-api/src/main/java/com/cretas/aims/ai/tool/impl/purchase/PurchaseOrderApproveTool.java,true,true,true,7,0,LOW,"factoryId 被使用 7 次，无可疑模式"
purchase,PurchaseOrderCreateTool.java,backend/java/cretas-api/src/main/java/com/cretas/aims/ai/tool/impl/purchase/PurchaseOrderCreateTool.java,true,true,true,2,0,LOW,"factoryId 被使用 2 次，无可疑模式"
purchase,PurchaseOrderDetailTool.java,backend/java/cretas-api/src/main/java/com/cretas/aims/ai/tool/impl/purchase/PurchaseOrderDetailTool.java,true,true,true,1,0,LOW,"factoryId 被使用 1 次，无可疑模式"
purchase,PurchaseOrderListTool.java,backend/java/cretas-api/src/main/java/com/cretas/aims/ai/tool/impl/purchase/PurchaseOrderListTool.java,true,true,true,2,0,LOW,"factoryId 被使用 2 次，无可疑模式"
purchase,PurchaseStatsTool.java,backend/java/cretas-api/src/main/java/com/cretas/aims/ai/tool/impl/purchase/PurchaseStatsTool.java,true,true,true,1,0,LOW,"factoryId 被使用 1 次，无可疑模式"
quality,QualityBatchMarkInspectedTool.java,backend/java/cretas-api/src/main/java/com/cretas/aims/ai/tool/impl/quality/QualityBatchMarkInspectedTool.java,true,true,true,2,0,LOW,"factoryId 被使用 2 次，无可疑模式"
quality,QualityCheckCreateTool.java,backend/java/cretas-api/src/main/java/com/cretas/aims/ai/tool/impl/quality/QualityCheckCreateTool.java,true,true,true,4,0,LOW,"factoryId 被使用 4 次，无可疑模式"
quality,QualityCheckExecuteTool.java,backend/java/cretas-api/src/main/java/com/cretas/aims/ai/tool/impl/quality/QualityCheckExecuteTool.java,true,true,true,2,0,LOW,"factoryId 被使用 2 次，无可疑模式"
quality,QualityCheckQueryTool.java,backend/java/cretas-api/src/main/java/com/cretas/aims/ai/tool/impl/quality/QualityCheckQueryTool.java,true,true,true,2,0,LOW,"factoryId 被使用 2 次，无可疑模式"
workdesk,QualityCheckSummaryTool.java,backend/java/cretas-api/src/main/java/com/cretas/aims/ai/tool/impl/workdesk/QualityCheckSummaryTool.java,true,true,true,3,0,LOW,"factoryId 被使用 3 次，无可疑模式"
quality,QualityCheckUpdateTool.java,backend/java/cretas-api/src/main/java/com/cretas/aims/ai/tool/impl/quality/QualityCheckUpdateTool.java,true,true,true,3,0,LOW,"factoryId 被使用 3 次，无可疑模式"
quality,QualityCriticalItemsTool.java,backend/java/cretas-api/src/main/java/com/cretas/aims/ai/tool/impl/quality/QualityCriticalItemsTool.java,true,true,true,2,0,LOW,"factoryId 被使用 2 次，无可疑模式"
quality,QualityDefectQueryTool.java,backend/java/cretas-api/src/main/java/com/cretas/aims/ai/tool/impl/quality/QualityDefectQueryTool.java,true,true,true,1,0,LOW,"factoryId 被使用 1 次，无可疑模式"
quality,QualityDefectRecordTool.java,backend/java/cretas-api/src/main/java/com/cretas/aims/ai/tool/impl/quality/QualityDefectRecordTool.java,true,true,true,1,0,LOW,"factoryId 被使用 1 次，无可疑模式"
quality,QualityDispositionEvaluateTool.java,backend/java/cretas-api/src/main/java/com/cretas/aims/ai/tool/impl/quality/QualityDispositionEvaluateTool.java,true,true,true,3,0,LOW,"factoryId 被使用 3 次，无可疑模式"
quality,QualityDispositionExecuteTool.java,backend/java/cretas-api/src/main/java/com/cretas/aims/ai/tool/impl/quality/QualityDispositionExecuteTool.java,true,true,true,3,0,LOW,"factoryId 被使用 3 次，无可疑模式"
quality,QualityRecordQueryTool.java,backend/java/cretas-api/src/main/java/com/cretas/aims/ai/tool/impl/quality/QualityRecordQueryTool.java,true,true,true,2,0,LOW,"factoryId 被使用 2 次，无可疑模式"
quality,QualityResultSubmitTool.java,backend/java/cretas-api/src/main/java/com/cretas/aims/ai/tool/impl/quality/QualityResultSubmitTool.java,true,true,true,3,0,LOW,"factoryId 被使用 3 次，无可疑模式"
quality,QualityReturnCreateTool.java,backend/java/cretas-api/src/main/java/com/cretas/aims/ai/tool/impl/quality/QualityReturnCreateTool.java,true,true,true,1,0,LOW,"factoryId 被使用 1 次，无可疑模式"
quality,QualityReturnQueryTool.java,backend/java/cretas-api/src/main/java/com/cretas/aims/ai/tool/impl/quality/QualityReturnQueryTool.java,true,true,true,1,0,LOW,"factoryId 被使用 1 次，无可疑模式"
quality,QualityStatsQueryTool.java,backend/java/cretas-api/src/main/java/com/cretas/aims/ai/tool/impl/quality/QualityStatsQueryTool.java,true,true,true,12,0,LOW,"factoryId 被使用 12 次，无可疑模式"
hr,QueryEmployeeProfileTool.java,backend/java/cretas-api/src/main/java/com/cretas/aims/ai/tool/impl/hr/QueryEmployeeProfileTool.java,true,true,true,2,0,LOW,"factoryId 被使用 2 次，无可疑模式"
hr,QueryOnlineStaffCountTool.java,backend/java/cretas-api/src/main/java/com/cretas/aims/ai/tool/impl/hr/QueryOnlineStaffCountTool.java,true,true,true,2,0,LOW,"factoryId 被使用 2 次，无可疑模式"
dataop,QueryRetryLastTool.java,backend/java/cretas-api/src/main/java/com/cretas/aims/ai/tool/impl/dataop/QueryRetryLastTool.java,true,true,true,1,0,LOW,"factoryId 被使用 1 次，无可疑模式"
shipment,QueryTransportLineTool.java,backend/java/cretas-api/src/main/java/com/cretas/aims/ai/tool/impl/shipment/QueryTransportLineTool.java,true,true,true,3,0,LOW,"factoryId 被使用 3 次，无可疑模式"
finance,RBACAuditTool.java,backend/java/cretas-api/src/main/java/com/cretas/aims/ai/tool/impl/finance/RBACAuditTool.java,true,true,true,1,0,LOW,"factoryId 被使用 1 次，无可疑模式"
rd,RdRequestCreateTool.java,backend/java/cretas-api/src/main/java/com/cretas/aims/ai/tool/impl/rd/RdRequestCreateTool.java,true,true,true,1,0,LOW,"factoryId 被使用 1 次，无可疑模式"
workdesk,ReceiveConfirmCreateTool.java,backend/java/cretas-api/src/main/java/com/cretas/aims/ai/tool/impl/workdesk/ReceiveConfirmCreateTool.java,true,true,true,6,0,LOW,"factoryId 被使用 6 次，无可疑模式"
workdesk,ReceiveQualityCheckTodayTool.java,backend/java/cretas-api/src/main/java/com/cretas/aims/ai/tool/impl/workdesk/ReceiveQualityCheckTodayTool.java,true,true,true,3,0,LOW,"factoryId 被使用 3 次，无可疑模式"
workdesk,ReceiveWithLimitTool.java,backend/java/cretas-api/src/main/java/com/cretas/aims/ai/tool/impl/workdesk/ReceiveWithLimitTool.java,true,true,true,4,0,LOW,"factoryId 被使用 4 次，无可疑模式"
workdesk,ReleaseDecisionTool.java,backend/java/cretas-api/src/main/java/com/cretas/aims/ai/tool/impl/workdesk/ReleaseDecisionTool.java,true,true,true,2,0,LOW,"factoryId 被使用 2 次，无可疑模式"
system,ReminderQueryTool.java,backend/java/cretas-api/src/main/java/com/cretas/aims/ai/tool/impl/system/ReminderQueryTool.java,true,true,true,2,0,LOW,"factoryId 被使用 2 次，无可疑模式"
report,ReportAiQualityTool.java,backend/java/cretas-api/src/main/java/com/cretas/aims/ai/tool/impl/report/ReportAiQualityTool.java,true,true,true,2,0,LOW,"factoryId 被使用 2 次，无可疑模式"
report,ReportAnalyzeEquipmentTool.java,backend/java/cretas-api/src/main/java/com/cretas/aims/ai/tool/impl/report/ReportAnalyzeEquipmentTool.java,true,true,true,3,0,LOW,"factoryId 被使用 3 次，无可疑模式"
report,ReportAnomalyTool.java,backend/java/cretas-api/src/main/java/com/cretas/aims/ai/tool/impl/report/ReportAnomalyTool.java,true,true,true,3,0,LOW,"factoryId 被使用 3 次，无可疑模式"
report,ReportApprovalRecordTool.java,backend/java/cretas-api/src/main/java/com/cretas/aims/ai/tool/impl/report/ReportApprovalRecordTool.java,true,true,true,3,0,LOW,"factoryId 被使用 3 次，无可疑模式"
report,ReportAttendanceStatsByDeptTool.java,backend/java/cretas-api/src/main/java/com/cretas/aims/ai/tool/impl/report/ReportAttendanceStatsByDeptTool.java,true,true,true,3,0,LOW,"factoryId 被使用 3 次，无可疑模式"
report,ReportBenefitOverviewTool.java,backend/java/cretas-api/src/main/java/com/cretas/aims/ai/tool/impl/report/ReportBenefitOverviewTool.java,true,true,true,3,0,LOW,"factoryId 被使用 3 次，无可疑模式"
report,ReportBomCostTool.java,backend/java/cretas-api/src/main/java/com/cretas/aims/ai/tool/impl/report/ReportBomCostTool.java,true,true,true,6,0,LOW,"factoryId 被使用 6 次，无可疑模式"
report,ReportCostQueryTool.java,backend/java/cretas-api/src/main/java/com/cretas/aims/ai/tool/impl/report/ReportCostQueryTool.java,true,true,true,2,0,LOW,"factoryId 被使用 2 次，无可疑模式"
report,ReportCostTrendAnalysisTool.java,backend/java/cretas-api/src/main/java/com/cretas/aims/ai/tool/impl/report/ReportCostTrendAnalysisTool.java,true,true,true,2,0,LOW,"factoryId 被使用 2 次，无可疑模式"
report,ReportCostVarianceTool.java,backend/java/cretas-api/src/main/java/com/cretas/aims/ai/tool/impl/report/ReportCostVarianceTool.java,true,true,true,3,0,LOW,"factoryId 被使用 3 次，无可疑模式"
report,ReportDashboardOverviewTool.java,backend/java/cretas-api/src/main/java/com/cretas/aims/ai/tool/impl/report/ReportDashboardOverviewTool.java,true,true,true,3,0,LOW,"factoryId 被使用 3 次，无可疑模式"
report,ReportEfficiencyTool.java,backend/java/cretas-api/src/main/java/com/cretas/aims/ai/tool/impl/report/ReportEfficiencyTool.java,true,true,true,3,0,LOW,"factoryId 被使用 3 次，无可疑模式"
report,ReportEquipmentStatusByNameTool.java,backend/java/cretas-api/src/main/java/com/cretas/aims/ai/tool/impl/report/ReportEquipmentStatusByNameTool.java,true,true,true,3,0,LOW,"factoryId 被使用 3 次，无可疑模式"
report,ReportFinanceRatioTool.java,backend/java/cretas-api/src/main/java/com/cretas/aims/ai/tool/impl/report/ReportFinanceRatioTool.java,true,true,true,2,0,LOW,"factoryId 被使用 2 次，无可疑模式"
report,ReportFinanceTool.java,backend/java/cretas-api/src/main/java/com/cretas/aims/ai/tool/impl/report/ReportFinanceTool.java,true,true,true,3,0,LOW,"factoryId 被使用 3 次，无可疑模式"
report,ReportInventoryTool.java,backend/java/cretas-api/src/main/java/com/cretas/aims/ai/tool/impl/report/ReportInventoryTool.java,true,true,true,3,0,LOW,"factoryId 被使用 3 次，无可疑模式"
report,ReportKpiTool.java,backend/java/cretas-api/src/main/java/com/cretas/aims/ai/tool/impl/report/ReportKpiTool.java,true,true,true,3,0,LOW,"factoryId 被使用 3 次，无可疑模式"
report,ReportMrpCalculationTool.java,backend/java/cretas-api/src/main/java/com/cretas/aims/ai/tool/impl/report/ReportMrpCalculationTool.java,true,true,true,2,0,LOW,"factoryId 被使用 2 次，无可疑模式"
report,ReportOeeTool.java,backend/java/cretas-api/src/main/java/com/cretas/aims/ai/tool/impl/report/ReportOeeTool.java,true,true,true,3,0,LOW,"factoryId 被使用 3 次，无可疑模式"
report,ReportOnlineStaffCountTool.java,backend/java/cretas-api/src/main/java/com/cretas/aims/ai/tool/impl/report/ReportOnlineStaffCountTool.java,true,true,true,3,0,LOW,"factoryId 被使用 3 次，无可疑模式"
report,ReportPaymentStatusTool.java,backend/java/cretas-api/src/main/java/com/cretas/aims/ai/tool/impl/report/ReportPaymentStatusTool.java,true,true,true,2,0,LOW,"factoryId 被使用 2 次，无可疑模式"
report,ReportProductionLineStartTool.java,backend/java/cretas-api/src/main/java/com/cretas/aims/ai/tool/impl/report/ReportProductionLineStartTool.java,true,true,true,1,0,LOW,"factoryId 被使用 1 次，无可疑模式"
report,ReportProductionTool.java,backend/java/cretas-api/src/main/java/com/cretas/aims/ai/tool/impl/report/ReportProductionTool.java,true,true,true,3,0,LOW,"factoryId 被使用 3 次，无可疑模式"
report,ReportProductionWeeklyComparisonTool.java,backend/java/cretas-api/src/main/java/com/cretas/aims/ai/tool/impl/report/ReportProductionWeeklyComparisonTool.java,true,true,true,2,0,LOW,"factoryId 被使用 2 次，无可疑模式"
report,ReportQualityTool.java,backend/java/cretas-api/src/main/java/com/cretas/aims/ai/tool/impl/report/ReportQualityTool.java,true,true,true,3,0,LOW,"factoryId 被使用 3 次，无可疑模式"
report,ReportSalesTool.java,backend/java/cretas-api/src/main/java/com/cretas/aims/ai/tool/impl/report/ReportSalesTool.java,true,true,true,2,0,LOW,"factoryId 被使用 2 次，无可疑模式"
report,ReportSchedulingExecuteTool.java,backend/java/cretas-api/src/main/java/com/cretas/aims/ai/tool/impl/report/ReportSchedulingExecuteTool.java,true,true,true,1,0,LOW,"factoryId 被使用 1 次，无可疑模式"
report,ReportSchedulingListTool.java,backend/java/cretas-api/src/main/java/com/cretas/aims/ai/tool/impl/report/ReportSchedulingListTool.java,true,true,true,2,0,LOW,"factoryId 被使用 2 次，无可疑模式"
report,ReportSchedulingModeChangeTool.java,backend/java/cretas-api/src/main/java/com/cretas/aims/ai/tool/impl/report/ReportSchedulingModeChangeTool.java,true,true,true,3,0,LOW,"factoryId 被使用 3 次，无可疑模式"
report,ReportTaskAssignWorkerTool.java,backend/java/cretas-api/src/main/java/com/cretas/aims/ai/tool/impl/report/ReportTaskAssignWorkerTool.java,true,true,true,1,0,LOW,"factoryId 被使用 1 次，无可疑模式"
report,ReportTrendsTool.java,backend/java/cretas-api/src/main/java/com/cretas/aims/ai/tool/impl/report/ReportTrendsTool.java,true,true,true,3,0,LOW,"factoryId 被使用 3 次，无可疑模式"
report,ReportWorkshopDailyTool.java,backend/java/cretas-api/src/main/java/com/cretas/aims/ai/tool/impl/report/ReportWorkshopDailyTool.java,true,true,true,3,0,LOW,"factoryId 被使用 3 次，无可疑模式"
restaurant,RestaurantArApPayableTool.java,backend/java/cretas-api/src/main/java/com/cretas/aims/ai/tool/impl/restaurant/RestaurantArApPayableTool.java,true,true,true,5,0,LOW,"factoryId 被使用 5 次，无可疑模式"
restaurant,RestaurantAtRiskGuestQueryTool.java,backend/java/cretas-api/src/main/java/com/cretas/aims/ai/tool/impl/restaurant/RestaurantAtRiskGuestQueryTool.java,true,true,true,2,0,LOW,"factoryId 被使用 2 次，无可疑模式"
restaurant,RestaurantAvgTicketTool.java,backend/java/cretas-api/src/main/java/com/cretas/aims/ai/tool/impl/restaurant/RestaurantAvgTicketTool.java,true,true,true,3,0,LOW,"factoryId 被使用 3 次，无可疑模式"
restaurant,RestaurantBestsellerQueryTool.java,backend/java/cretas-api/src/main/java/com/cretas/aims/ai/tool/impl/restaurant/RestaurantBestsellerQueryTool.java,true,true,true,2,0,LOW,"factoryId 被使用 2 次，无可疑模式"
restaurant,RestaurantDailyRevenueTool.java,backend/java/cretas-api/src/main/java/com/cretas/aims/ai/tool/impl/restaurant/RestaurantDailyRevenueTool.java,true,true,true,2,0,LOW,"factoryId 被使用 2 次，无可疑模式"
restaurant,RestaurantDishCostAnalysisTool.java,backend/java/cretas-api/src/main/java/com/cretas/aims/ai/tool/impl/restaurant/RestaurantDishCostAnalysisTool.java,true,true,true,3,0,LOW,"factoryId 被使用 3 次，无可疑模式"
restaurant,RestaurantDishCostQueryTool.java,backend/java/cretas-api/src/main/java/com/cretas/aims/ai/tool/impl/restaurant/RestaurantDishCostQueryTool.java,true,true,true,2,0,LOW,"factoryId 被使用 2 次，无可疑模式"
restaurant,RestaurantDishCreateTool.java,backend/java/cretas-api/src/main/java/com/cretas/aims/ai/tool/impl/restaurant/RestaurantDishCreateTool.java,true,true,true,5,0,LOW,"factoryId 被使用 5 次，无可疑模式"
restaurant,RestaurantDishDeleteTool.java,backend/java/cretas-api/src/main/java/com/cretas/aims/ai/tool/impl/restaurant/RestaurantDishDeleteTool.java,true,true,true,5,0,LOW,"factoryId 被使用 5 次，无可疑模式"
restaurant,RestaurantDishListTool.java,backend/java/cretas-api/src/main/java/com/cretas/aims/ai/tool/impl/restaurant/RestaurantDishListTool.java,true,true,true,2,0,LOW,"factoryId 被使用 2 次，无可疑模式"
restaurant,RestaurantDishProductSalesRankingTool.java,backend/java/cretas-api/src/main/java/com/cretas/aims/ai/tool/impl/restaurant/RestaurantDishProductSalesRankingTool.java,true,true,true,3,0,LOW,"factoryId 被使用 3 次，无可疑模式"
restaurant,RestaurantDishSalesRankingTool.java,backend/java/cretas-api/src/main/java/com/cretas/aims/ai/tool/impl/restaurant/RestaurantDishSalesRankingTool.java,true,true,true,2,0,LOW,"factoryId 被使用 2 次，无可疑模式"
restaurant,RestaurantDishUpdateTool.java,backend/java/cretas-api/src/main/java/com/cretas/aims/ai/tool/impl/restaurant/RestaurantDishUpdateTool.java,true,true,true,5,0,LOW,"factoryId 被使用 5 次，无可疑模式"
restaurant,RestaurantEconomicsAnalysisTool.java,backend/java/cretas-api/src/main/java/com/cretas/aims/ai/tool/impl/restaurant/RestaurantEconomicsAnalysisTool.java,true,true,true,4,0,LOW,"factoryId 被使用 4 次，无可疑模式"
restaurant,RestaurantIngredientCostTrendTool.java,backend/java/cretas-api/src/main/java/com/cretas/aims/ai/tool/impl/restaurant/RestaurantIngredientCostTrendTool.java,true,true,true,2,0,LOW,"factoryId 被使用 2 次，无可疑模式"
restaurant,RestaurantIngredientExpiryAlertTool.java,backend/java/cretas-api/src/main/java/com/cretas/aims/ai/tool/impl/restaurant/RestaurantIngredientExpiryAlertTool.java,true,true,true,2,0,LOW,"factoryId 被使用 2 次，无可疑模式"
restaurant,RestaurantIngredientLowStockTool.java,backend/java/cretas-api/src/main/java/com/cretas/aims/ai/tool/impl/restaurant/RestaurantIngredientLowStockTool.java,true,true,true,3,0,LOW,"factoryId 被使用 3 次，无可疑模式"
restaurant,RestaurantIngredientStockTool.java,backend/java/cretas-api/src/main/java/com/cretas/aims/ai/tool/impl/restaurant/RestaurantIngredientStockTool.java,true,true,true,2,0,LOW,"factoryId 被使用 2 次，无可疑模式"
restaurant,RestaurantMarginAnalysisTool.java,backend/java/cretas-api/src/main/java/com/cretas/aims/ai/tool/impl/restaurant/RestaurantMarginAnalysisTool.java,true,true,true,3,0,LOW,"factoryId 被使用 3 次，无可疑模式"
restaurant,RestaurantOrderStatisticsTool.java,backend/java/cretas-api/src/main/java/com/cretas/aims/ai/tool/impl/restaurant/RestaurantOrderStatisticsTool.java,true,true,true,3,0,LOW,"factoryId 被使用 3 次，无可疑模式"
restaurant,RestaurantPeakHoursAnalysisTool.java,backend/java/cretas-api/src/main/java/com/cretas/aims/ai/tool/impl/restaurant/RestaurantPeakHoursAnalysisTool.java,true,true,true,2,0,LOW,"factoryId 被使用 2 次，无可疑模式"
restaurant,RestaurantProcurementCreateTool.java,backend/java/cretas-api/src/main/java/com/cretas/aims/ai/tool/impl/restaurant/RestaurantProcurementCreateTool.java,true,true,true,5,0,LOW,"factoryId 被使用 5 次，无可疑模式"
restaurant,RestaurantProcurementSuggestionTool.java,backend/java/cretas-api/src/main/java/com/cretas/aims/ai/tool/impl/restaurant/RestaurantProcurementSuggestionTool.java,true,true,true,4,0,LOW,"factoryId 被使用 4 次，无可疑模式"
restaurant,RestaurantRepCommissionQueryTool.java,backend/java/cretas-api/src/main/java/com/cretas/aims/ai/tool/impl/restaurant/RestaurantRepCommissionQueryTool.java,true,true,true,1,0,LOW,"factoryId 被使用 1 次，无可疑模式"
restaurant,RestaurantReturnRateTool.java,backend/java/cretas-api/src/main/java/com/cretas/aims/ai/tool/impl/restaurant/RestaurantReturnRateTool.java,true,true,true,2,0,LOW,"factoryId 被使用 2 次，无可疑模式"
restaurant,RestaurantRevenueTrendTool.java,backend/java/cretas-api/src/main/java/com/cretas/aims/ai/tool/impl/restaurant/RestaurantRevenueTrendTool.java,true,true,true,2,0,LOW,"factoryId 被使用 2 次，无可疑模式"
restaurant,RestaurantSlowSellerQueryTool.java,backend/java/cretas-api/src/main/java/com/cretas/aims/ai/tool/impl/restaurant/RestaurantSlowSellerQueryTool.java,true,true,true,3,0,LOW,"factoryId 被使用 3 次，无可疑模式"
restaurant,RestaurantTableTurnoverTool.java,backend/java/cretas-api/src/main/java/com/cretas/aims/ai/tool/impl/restaurant/RestaurantTableTurnoverTool.java,true,true,true,2,0,LOW,"factoryId 被使用 2 次，无可疑模式"
restaurant,RestaurantVipGuestQueryTool.java,backend/java/cretas-api/src/main/java/com/cretas/aims/ai/tool/impl/restaurant/RestaurantVipGuestQueryTool.java,true,true,true,2,0,LOW,"factoryId 被使用 2 次，无可疑模式"
restaurant,RestaurantVoiceRequisitionTool.java,backend/java/cretas-api/src/main/java/com/cretas/aims/ai/tool/impl/restaurant/RestaurantVoiceRequisitionTool.java,true,true,true,2,0,LOW,"factoryId 被使用 2 次，无可疑模式"
restaurant,RestaurantWastageAnomalyTool.java,backend/java/cretas-api/src/main/java/com/cretas/aims/ai/tool/impl/restaurant/RestaurantWastageAnomalyTool.java,true,true,true,2,0,LOW,"factoryId 被使用 2 次，无可疑模式"
restaurant,RestaurantWastageRateTool.java,backend/java/cretas-api/src/main/java/com/cretas/aims/ai/tool/impl/restaurant/RestaurantWastageRateTool.java,true,true,true,3,0,LOW,"factoryId 被使用 3 次，无可疑模式"
restaurant,RestaurantWastageRecordTool.java,backend/java/cretas-api/src/main/java/com/cretas/aims/ai/tool/impl/restaurant/RestaurantWastageRecordTool.java,true,true,true,5,0,LOW,"factoryId 被使用 5 次，无可疑模式"
restaurant,RestaurantWastageSummaryTool.java,backend/java/cretas-api/src/main/java/com/cretas/aims/ai/tool/impl/restaurant/RestaurantWastageSummaryTool.java,true,true,true,3,0,LOW,"factoryId 被使用 3 次，无可疑模式"
returnorder,ReturnOrderApproveTool.java,backend/java/cretas-api/src/main/java/com/cretas/aims/ai/tool/impl/returnorder/ReturnOrderApproveTool.java,true,true,true,6,0,LOW,"factoryId 被使用 6 次，无可疑模式"
returnorder,ReturnOrderCreateTool.java,backend/java/cretas-api/src/main/java/com/cretas/aims/ai/tool/impl/returnorder/ReturnOrderCreateTool.java,true,true,true,2,0,LOW,"factoryId 被使用 2 次，无可疑模式"
returnorder,ReturnOrderDetailTool.java,backend/java/cretas-api/src/main/java/com/cretas/aims/ai/tool/impl/returnorder/ReturnOrderDetailTool.java,true,true,true,1,0,LOW,"factoryId 被使用 1 次，无可疑模式"
returnorder,ReturnOrderListTool.java,backend/java/cretas-api/src/main/java/com/cretas/aims/ai/tool/impl/returnorder/ReturnOrderListTool.java,true,true,true,1,0,LOW,"factoryId 被使用 1 次，无可疑模式"
returnorder,ReturnStatsTool.java,backend/java/cretas-api/src/main/java/com/cretas/aims/ai/tool/impl/returnorder/ReturnStatsTool.java,true,true,true,1,0,LOW,"factoryId 被使用 1 次，无可疑模式"
warehouse,ReusableContainerLossTool.java,backend/java/cretas-api/src/main/java/com/cretas/aims/ai/tool/impl/warehouse/ReusableContainerLossTool.java,true,true,true,1,0,LOW,"factoryId 被使用 1 次，无可疑模式"
warehouse,ReusableContainerQueryTool.java,backend/java/cretas-api/src/main/java/com/cretas/aims/ai/tool/impl/warehouse/ReusableContainerQueryTool.java,true,true,true,2,0,LOW,"factoryId 被使用 2 次，无可疑模式"
warehouse,ReusableContainerReturnInTool.java,backend/java/cretas-api/src/main/java/com/cretas/aims/ai/tool/impl/warehouse/ReusableContainerReturnInTool.java,true,true,true,1,0,LOW,"factoryId 被使用 1 次，无可疑模式"
warehouse,ReusableContainerShipOutTool.java,backend/java/cretas-api/src/main/java/com/cretas/aims/ai/tool/impl/warehouse/ReusableContainerShipOutTool.java,true,true,true,1,0,LOW,"factoryId 被使用 1 次，无可疑模式"
restaurant,RevenueReportGenerateTool.java,backend/java/cretas-api/src/main/java/com/cretas/aims/ai/tool/impl/restaurant/RevenueReportGenerateTool.java,true,true,true,3,0,LOW,"factoryId 被使用 3 次，无可疑模式"
config,RuleConfigTool.java,backend/java/cretas-api/src/main/java/com/cretas/aims/ai/tool/impl/config/RuleConfigTool.java,true,true,true,6,0,LOW,"factoryId 被使用 6 次，无可疑模式"
rules,RuleCreateTool.java,backend/java/cretas-api/src/main/java/com/cretas/aims/ai/tool/impl/rules/RuleCreateTool.java,true,true,true,6,0,LOW,"factoryId 被使用 6 次，无可疑模式"
rules,RuleDeleteTool.java,backend/java/cretas-api/src/main/java/com/cretas/aims/ai/tool/impl/rules/RuleDeleteTool.java,true,true,true,5,0,LOW,"factoryId 被使用 5 次，无可疑模式"
rules,RuleTestEvaluateTool.java,backend/java/cretas-api/src/main/java/com/cretas/aims/ai/tool/impl/rules/RuleTestEvaluateTool.java,true,true,true,5,0,LOW,"factoryId 被使用 5 次，无可疑模式"
rules,RuleToggleTool.java,backend/java/cretas-api/src/main/java/com/cretas/aims/ai/tool/impl/rules/RuleToggleTool.java,true,true,true,4,0,LOW,"factoryId 被使用 4 次，无可疑模式"
rules,RuleUpdateTool.java,backend/java/cretas-api/src/main/java/com/cretas/aims/ai/tool/impl/rules/RuleUpdateTool.java,true,true,true,4,0,LOW,"factoryId 被使用 4 次，无可疑模式"
sales,SalesCreateDeliveryTool.java,backend/java/cretas-api/src/main/java/com/cretas/aims/ai/tool/impl/sales/SalesCreateDeliveryTool.java,true,true,true,1,0,LOW,"factoryId 被使用 1 次，无可疑模式"
sales,SalesCreateInvoiceTool.java,backend/java/cretas-api/src/main/java/com/cretas/aims/ai/tool/impl/sales/SalesCreateInvoiceTool.java,true,true,true,1,0,LOW,"factoryId 被使用 1 次，无可疑模式"
sales,SalesNeedConvertTool.java,backend/java/cretas-api/src/main/java/com/cretas/aims/ai/tool/impl/sales/SalesNeedConvertTool.java,true,true,true,1,0,LOW,"factoryId 被使用 1 次，无可疑模式"
sales,SalesNeedCreateTool.java,backend/java/cretas-api/src/main/java/com/cretas/aims/ai/tool/impl/sales/SalesNeedCreateTool.java,true,true,true,1,0,LOW,"factoryId 被使用 1 次，无可疑模式"
restaurant,SalesPlanCreateTool.java,backend/java/cretas-api/src/main/java/com/cretas/aims/ai/tool/impl/restaurant/SalesPlanCreateTool.java,true,true,true,1,0,LOW,"factoryId 被使用 1 次，无可疑模式"
sales,SalesRecordPaymentTool.java,backend/java/cretas-api/src/main/java/com/cretas/aims/ai/tool/impl/sales/SalesRecordPaymentTool.java,true,true,true,1,0,LOW,"factoryId 被使用 1 次，无可疑模式"
sales,SalesReportTool.java,backend/java/cretas-api/src/main/java/com/cretas/aims/ai/tool/impl/sales/SalesReportTool.java,true,true,true,2,0,LOW,"factoryId 被使用 2 次，无可疑模式"
rd,SampleApproveTool.java,backend/java/cretas-api/src/main/java/com/cretas/aims/ai/tool/impl/rd/SampleApproveTool.java,true,true,true,2,0,LOW,"factoryId 被使用 2 次，无可疑模式"
rd,SampleCreateTool.java,backend/java/cretas-api/src/main/java/com/cretas/aims/ai/tool/impl/rd/SampleCreateTool.java,true,true,true,1,0,LOW,"factoryId 被使用 1 次，无可疑模式"
sample,SampleToBomTool.java,backend/java/cretas-api/src/main/java/com/cretas/aims/ai/tool/impl/sample/SampleToBomTool.java,true,true,true,4,0,LOW,"factoryId 被使用 4 次，无可疑模式"
scale,ScaleAddDeviceTool.java,backend/java/cretas-api/src/main/java/com/cretas/aims/ai/tool/impl/scale/ScaleAddDeviceTool.java,true,true,true,4,0,LOW,"factoryId 被使用 4 次，无可疑模式"
scale,ScaleAddDeviceVisionTool.java,backend/java/cretas-api/src/main/java/com/cretas/aims/ai/tool/impl/scale/ScaleAddDeviceVisionTool.java,true,true,true,5,0,LOW,"factoryId 被使用 5 次，无可疑模式"
scale,ScaleCalibrateTool.java,backend/java/cretas-api/src/main/java/com/cretas/aims/ai/tool/impl/scale/ScaleCalibrateTool.java,true,true,true,1,0,LOW,"factoryId 被使用 1 次，无可疑模式"
scale,ScaleConfigGenerateTool.java,backend/java/cretas-api/src/main/java/com/cretas/aims/ai/tool/impl/scale/ScaleConfigGenerateTool.java,true,true,true,1,0,LOW,"factoryId 被使用 1 次，无可疑模式"
scale,ScaleDeleteDeviceTool.java,backend/java/cretas-api/src/main/java/com/cretas/aims/ai/tool/impl/scale/ScaleDeleteDeviceTool.java,true,true,true,2,0,LOW,"factoryId 被使用 2 次，无可疑模式"
scale,ScaleListDevicesTool.java,backend/java/cretas-api/src/main/java/com/cretas/aims/ai/tool/impl/scale/ScaleListDevicesTool.java,true,true,true,2,0,LOW,"factoryId 被使用 2 次，无可疑模式"
scale,ScaleListProtocolsTool.java,backend/java/cretas-api/src/main/java/com/cretas/aims/ai/tool/impl/scale/ScaleListProtocolsTool.java,true,true,true,2,0,LOW,"factoryId 被使用 2 次，无可疑模式"
scale,ScaleProtocolDetectTool.java,backend/java/cretas-api/src/main/java/com/cretas/aims/ai/tool/impl/scale/ScaleProtocolDetectTool.java,true,true,true,1,0,LOW,"factoryId 被使用 1 次，无可疑模式"
scale,ScaleTestParseTool.java,backend/java/cretas-api/src/main/java/com/cretas/aims/ai/tool/impl/scale/ScaleTestParseTool.java,true,true,true,1,0,LOW,"factoryId 被使用 1 次，无可疑模式"
scale,ScaleTroubleshootTool.java,backend/java/cretas-api/src/main/java/com/cretas/aims/ai/tool/impl/scale/ScaleTroubleshootTool.java,true,true,true,1,0,LOW,"factoryId 被使用 1 次，无可疑模式"
scale,ScaleUpdateDeviceTool.java,backend/java/cretas-api/src/main/java/com/cretas/aims/ai/tool/impl/scale/ScaleUpdateDeviceTool.java,true,true,true,2,0,LOW,"factoryId 被使用 2 次，无可疑模式"
cron,ScheduledTaskCreateTool.java,backend/java/cretas-api/src/main/java/com/cretas/aims/ai/tool/impl/cron/ScheduledTaskCreateTool.java,true,true,true,3,0,LOW,"factoryId 被使用 3 次，无可疑模式"
scheduling,SchedulingExecuteTool.java,backend/java/cretas-api/src/main/java/com/cretas/aims/ai/tool/impl/scheduling/SchedulingExecuteTool.java,true,true,true,1,0,LOW,"factoryId 被使用 1 次，无可疑模式"
scheduling,SchedulingListTool.java,backend/java/cretas-api/src/main/java/com/cretas/aims/ai/tool/impl/scheduling/SchedulingListTool.java,true,true,true,2,0,LOW,"factoryId 被使用 2 次，无可疑模式"
scheduling,SchedulingModeChangeTool.java,backend/java/cretas-api/src/main/java/com/cretas/aims/ai/tool/impl/scheduling/SchedulingModeChangeTool.java,true,true,true,3,0,LOW,"factoryId 被使用 3 次，无可疑模式"
system,SchedulingSetAutoTool.java,backend/java/cretas-api/src/main/java/com/cretas/aims/ai/tool/impl/system/SchedulingSetAutoTool.java,true,true,true,6,0,LOW,"factoryId 被使用 6 次，无可疑模式"
system,SchedulingSetDisabledTool.java,backend/java/cretas-api/src/main/java/com/cretas/aims/ai/tool/impl/system/SchedulingSetDisabledTool.java,true,true,true,6,0,LOW,"factoryId 被使用 6 次，无可疑模式"
system,SchedulingSetManualTool.java,backend/java/cretas-api/src/main/java/com/cretas/aims/ai/tool/impl/system/SchedulingSetManualTool.java,true,true,true,6,0,LOW,"factoryId 被使用 6 次，无可疑模式"
restaurant,SeatConfigManageTool.java,backend/java/cretas-api/src/main/java/com/cretas/aims/ai/tool/impl/restaurant/SeatConfigManageTool.java,true,true,true,3,0,LOW,"factoryId 被使用 3 次，无可疑模式"
restaurant,ShiftScheduleCreateTool.java,backend/java/cretas-api/src/main/java/com/cretas/aims/ai/tool/impl/restaurant/ShiftScheduleCreateTool.java,true,true,true,1,0,LOW,"factoryId 被使用 1 次，无可疑模式"
shipment,ShipmentByCustomerTool.java,backend/java/cretas-api/src/main/java/com/cretas/aims/ai/tool/impl/shipment/ShipmentByCustomerTool.java,true,true,true,3,0,LOW,"factoryId 被使用 3 次，无可疑模式"
shipment,ShipmentByDateTool.java,backend/java/cretas-api/src/main/java/com/cretas/aims/ai/tool/impl/shipment/ShipmentByDateTool.java,true,true,true,3,0,LOW,"factoryId 被使用 3 次，无可疑模式"
shipment,ShipmentCancelTool.java,backend/java/cretas-api/src/main/java/com/cretas/aims/ai/tool/impl/shipment/ShipmentCancelTool.java,true,true,true,2,0,LOW,"factoryId 被使用 2 次，无可疑模式"
shipment,ShipmentCompleteTool.java,backend/java/cretas-api/src/main/java/com/cretas/aims/ai/tool/impl/shipment/ShipmentCompleteTool.java,true,true,true,4,0,LOW,"factoryId 被使用 4 次，无可疑模式"
sales,ShipmentConfirmCreateTool.java,backend/java/cretas-api/src/main/java/com/cretas/aims/ai/tool/impl/sales/ShipmentConfirmCreateTool.java,true,true,true,2,0,LOW,"factoryId 被使用 2 次，无可疑模式"
shipment,ShipmentConfirmTool.java,backend/java/cretas-api/src/main/java/com/cretas/aims/ai/tool/impl/shipment/ShipmentConfirmTool.java,true,true,true,4,0,LOW,"factoryId 被使用 4 次，无可疑模式"
shipment,ShipmentCreateTool.java,backend/java/cretas-api/src/main/java/com/cretas/aims/ai/tool/impl/shipment/ShipmentCreateTool.java,true,true,true,2,0,LOW,"factoryId 被使用 2 次，无可疑模式"
shipment,ShipmentDeleteTool.java,backend/java/cretas-api/src/main/java/com/cretas/aims/ai/tool/impl/shipment/ShipmentDeleteTool.java,true,true,true,3,0,LOW,"factoryId 被使用 3 次，无可疑模式"
shipment,ShipmentNotifyWarehouseTool.java,backend/java/cretas-api/src/main/java/com/cretas/aims/ai/tool/impl/shipment/ShipmentNotifyWarehouseTool.java,true,true,true,3,0,LOW,"factoryId 被使用 3 次，无可疑模式"
shipment,ShipmentQueryTool.java,backend/java/cretas-api/src/main/java/com/cretas/aims/ai/tool/impl/shipment/ShipmentQueryTool.java,true,true,true,7,0,LOW,"factoryId 被使用 7 次，无可疑模式"
shipment,ShipmentStatsQueryTool.java,backend/java/cretas-api/src/main/java/com/cretas/aims/ai/tool/impl/shipment/ShipmentStatsQueryTool.java,true,true,true,9,0,LOW,"factoryId 被使用 9 次，无可疑模式"
shipment,ShipmentStatusUpdateTool.java,backend/java/cretas-api/src/main/java/com/cretas/aims/ai/tool/impl/shipment/ShipmentStatusUpdateTool.java,true,true,true,2,0,LOW,"factoryId 被使用 2 次，无可疑模式"
shipment,ShipmentUpdateTool.java,backend/java/cretas-api/src/main/java/com/cretas/aims/ai/tool/impl/shipment/ShipmentUpdateTool.java,true,true,true,2,0,LOW,"factoryId 被使用 2 次，无可疑模式"
shortage,ShortageAnalysisTool.java,backend/java/cretas-api/src/main/java/com/cretas/aims/ai/tool/impl/shortage/ShortageAnalysisTool.java,true,true,true,5,0,LOW,"factoryId 被使用 5 次，无可疑模式"
material,SkuAssembleTool.java,backend/java/cretas-api/src/main/java/com/cretas/aims/ai/tool/impl/material/SkuAssembleTool.java,true,true,true,3,0,LOW,"factoryId 被使用 3 次，无可疑模式"
report,SkuGrossMarginTool.java,backend/java/cretas-api/src/main/java/com/cretas/aims/ai/tool/impl/report/SkuGrossMarginTool.java,true,true,true,2,0,LOW,"factoryId 被使用 2 次，无可疑模式"
sop,SkuUpdateComplexityTool.java,backend/java/cretas-api/src/main/java/com/cretas/aims/ai/tool/impl/sop/SkuUpdateComplexityTool.java,true,true,true,5,0,LOW,"factoryId 被使用 5 次，无可疑模式"
sop,SopAnalyzeComplexityTool.java,backend/java/cretas-api/src/main/java/com/cretas/aims/ai/tool/impl/sop/SopAnalyzeComplexityTool.java,true,true,true,2,0,LOW,"factoryId 被使用 2 次，无可疑模式"
sop,SopParseDocumentTool.java,backend/java/cretas-api/src/main/java/com/cretas/aims/ai/tool/impl/sop/SopParseDocumentTool.java,true,true,true,2,0,LOW,"factoryId 被使用 2 次，无可疑模式"
foodsafety,SsopExecutionTodayTool.java,backend/java/cretas-api/src/main/java/com/cretas/aims/ai/tool/impl/foodsafety/SsopExecutionTodayTool.java,true,true,true,3,0,LOW,"factoryId 被使用 3 次，无可疑模式"
foodsafety,SsopProcedureCreateTool.java,backend/java/cretas-api/src/main/java/com/cretas/aims/ai/tool/impl/foodsafety/SsopProcedureCreateTool.java,true,true,true,4,0,LOW,"factoryId 被使用 4 次，无可疑模式"
workdesk,StockAlertWorkdeskTool.java,backend/java/cretas-api/src/main/java/com/cretas/aims/ai/tool/impl/workdesk/StockAlertWorkdeskTool.java,true,true,true,2,0,LOW,"factoryId 被使用 2 次，无可疑模式"
crm,SupplierActiveTool.java,backend/java/cretas-api/src/main/java/com/cretas/aims/ai/tool/impl/crm/SupplierActiveTool.java,true,true,true,2,0,LOW,"factoryId 被使用 2 次，无可疑模式"
crm,SupplierByCategoryTool.java,backend/java/cretas-api/src/main/java/com/cretas/aims/ai/tool/impl/crm/SupplierByCategoryTool.java,true,true,true,3,0,LOW,"factoryId 被使用 3 次，无可疑模式"
foodsafety,SupplierCanOrderCheckTool.java,backend/java/cretas-api/src/main/java/com/cretas/aims/ai/tool/impl/foodsafety/SupplierCanOrderCheckTool.java,true,true,true,3,0,LOW,"factoryId 被使用 3 次，无可疑模式"
crm,SupplierCreateTool.java,backend/java/cretas-api/src/main/java/com/cretas/aims/ai/tool/impl/crm/SupplierCreateTool.java,true,true,true,2,0,LOW,"factoryId 被使用 2 次，无可疑模式"
crm,SupplierDeleteTool.java,backend/java/cretas-api/src/main/java/com/cretas/aims/ai/tool/impl/crm/SupplierDeleteTool.java,true,true,true,2,0,LOW,"factoryId 被使用 2 次，无可疑模式"
crm,SupplierEvaluateTool.java,backend/java/cretas-api/src/main/java/com/cretas/aims/ai/tool/impl/crm/SupplierEvaluateTool.java,true,true,true,2,0,LOW,"factoryId 被使用 2 次，无可疑模式"
crm,SupplierListTool.java,backend/java/cretas-api/src/main/java/com/cretas/aims/ai/tool/impl/crm/SupplierListTool.java,true,true,true,2,0,LOW,"factoryId 被使用 2 次，无可疑模式"
purchase,SupplierPriceAlertTool.java,backend/java/cretas-api/src/main/java/com/cretas/aims/ai/tool/impl/purchase/SupplierPriceAlertTool.java,true,true,true,3,0,LOW,"factoryId 被使用 3 次，无可疑模式"
crm,SupplierPriceComparisonTool.java,backend/java/cretas-api/src/main/java/com/cretas/aims/ai/tool/impl/crm/SupplierPriceComparisonTool.java,true,true,true,2,0,LOW,"factoryId 被使用 2 次，无可疑模式"
foodsafety,SupplierQualificationCreateTool.java,backend/java/cretas-api/src/main/java/com/cretas/aims/ai/tool/impl/foodsafety/SupplierQualificationCreateTool.java,true,true,true,5,0,LOW,"factoryId 被使用 5 次，无可疑模式"
foodsafety,SupplierQualificationLookupTool.java,backend/java/cretas-api/src/main/java/com/cretas/aims/ai/tool/impl/foodsafety/SupplierQualificationLookupTool.java,true,true,true,3,0,LOW,"factoryId 被使用 3 次，无可疑模式"
foodsafety,SupplierQualificationQueryExpiringTool.java,backend/java/cretas-api/src/main/java/com/cretas/aims/ai/tool/impl/foodsafety/SupplierQualificationQueryExpiringTool.java,true,true,true,4,0,LOW,"factoryId 被使用 4 次，无可疑模式"
crm,SupplierRankingTool.java,backend/java/cretas-api/src/main/java/com/cretas/aims/ai/tool/impl/crm/SupplierRankingTool.java,true,true,true,3,0,LOW,"factoryId 被使用 3 次，无可疑模式"
crm,SupplierSearchTool.java,backend/java/cretas-api/src/main/java/com/cretas/aims/ai/tool/impl/crm/SupplierSearchTool.java,true,true,true,2,0,LOW,"factoryId 被使用 2 次，无可疑模式"
system,SwitchFactoryTool.java,backend/java/cretas-api/src/main/java/com/cretas/aims/ai/tool/impl/system/SwitchFactoryTool.java,true,true,true,2,0,LOW,"factoryId 被使用 2 次，无可疑模式"
system,SystemFeedbackTool.java,backend/java/cretas-api/src/main/java/com/cretas/aims/ai/tool/impl/system/SystemFeedbackTool.java,true,true,true,1,0,LOW,"factoryId 被使用 1 次，无可疑模式"
system,SystemGoBackTool.java,backend/java/cretas-api/src/main/java/com/cretas/aims/ai/tool/impl/system/SystemGoBackTool.java,true,true,true,1,0,LOW,"factoryId 被使用 1 次，无可疑模式"
system,SystemHelpTool.java,backend/java/cretas-api/src/main/java/com/cretas/aims/ai/tool/impl/system/SystemHelpTool.java,true,true,true,1,0,LOW,"factoryId 被使用 1 次，无可疑模式"
system,SystemNotificationSettingsTool.java,backend/java/cretas-api/src/main/java/com/cretas/aims/ai/tool/impl/system/SystemNotificationSettingsTool.java,true,true,true,1,0,LOW,"factoryId 被使用 1 次，无可疑模式"
system,SystemSettingsTool.java,backend/java/cretas-api/src/main/java/com/cretas/aims/ai/tool/impl/system/SystemSettingsTool.java,true,true,true,1,0,LOW,"factoryId 被使用 1 次，无可疑模式"
system,TodoListTool.java,backend/java/cretas-api/src/main/java/com/cretas/aims/ai/tool/impl/system/TodoListTool.java,true,true,true,7,0,LOW,"factoryId 被使用 7 次，无可疑模式"
governance,ToolPatternDiscoveryTool.java,backend/java/cretas-api/src/main/java/com/cretas/aims/ai/tool/impl/governance/ToolPatternDiscoveryTool.java,true,true,true,3,0,LOW,"factoryId 被使用 3 次，无可疑模式"
shipment,TraceBatchTool.java,backend/java/cretas-api/src/main/java/com/cretas/aims/ai/tool/impl/shipment/TraceBatchTool.java,true,true,true,2,0,LOW,"factoryId 被使用 2 次，无可疑模式"
shipment,TraceFullTool.java,backend/java/cretas-api/src/main/java/com/cretas/aims/ai/tool/impl/shipment/TraceFullTool.java,true,true,true,2,0,LOW,"factoryId 被使用 2 次，无可疑模式"
dataop,TraceGenerateTool.java,backend/java/cretas-api/src/main/java/com/cretas/aims/ai/tool/impl/dataop/TraceGenerateTool.java,true,true,true,6,0,LOW,"factoryId 被使用 6 次，无可疑模式"
transfer,TransferApproveTool.java,backend/java/cretas-api/src/main/java/com/cretas/aims/ai/tool/impl/transfer/TransferApproveTool.java,true,true,true,9,0,LOW,"factoryId 被使用 9 次，无可疑模式"
transfer,TransferCreateTool.java,backend/java/cretas-api/src/main/java/com/cretas/aims/ai/tool/impl/transfer/TransferCreateTool.java,true,true,true,2,0,LOW,"factoryId 被使用 2 次，无可疑模式"
transfer,TransferDetailTool.java,backend/java/cretas-api/src/main/java/com/cretas/aims/ai/tool/impl/transfer/TransferDetailTool.java,true,true,true,1,0,LOW,"factoryId 被使用 1 次，无可疑模式"
transfer,TransferListTool.java,backend/java/cretas-api/src/main/java/com/cretas/aims/ai/tool/impl/transfer/TransferListTool.java,true,true,true,1,0,LOW,"factoryId 被使用 1 次，无可疑模式"
transfer,TransferStatsTool.java,backend/java/cretas-api/src/main/java/com/cretas/aims/ai/tool/impl/transfer/TransferStatsTool.java,true,true,true,1,0,LOW,"factoryId 被使用 1 次，无可疑模式"
user,UserCreateTool.java,backend/java/cretas-api/src/main/java/com/cretas/aims/ai/tool/impl/user/UserCreateTool.java,true,true,true,2,0,LOW,"factoryId 被使用 2 次，无可疑模式"
user,UserDisableTool.java,backend/java/cretas-api/src/main/java/com/cretas/aims/ai/tool/impl/user/UserDisableTool.java,true,true,true,3,0,LOW,"factoryId 被使用 3 次，无可疑模式"
user,UserRoleAssignTool.java,backend/java/cretas-api/src/main/java/com/cretas/aims/ai/tool/impl/user/UserRoleAssignTool.java,true,true,true,2,0,LOW,"factoryId 被使用 2 次，无可疑模式"
finance,VoucherBatchGenerateTool.java,backend/java/cretas-api/src/main/java/com/cretas/aims/ai/tool/impl/finance/VoucherBatchGenerateTool.java,true,true,true,1,0,LOW,"factoryId 被使用 1 次，无可疑模式"
finance,VoucherGenerateTool.java,backend/java/cretas-api/src/main/java/com/cretas/aims/ai/tool/impl/finance/VoucherGenerateTool.java,true,true,true,1,0,LOW,"factoryId 被使用 1 次，无可疑模式"
workdesk,WageCostSummaryTool.java,backend/java/cretas-api/src/main/java/com/cretas/aims/ai/tool/impl/workdesk/WageCostSummaryTool.java,true,true,true,4,0,LOW,"factoryId 被使用 4 次，无可疑模式"
workdesk,WagePolicyQueryTool.java,backend/java/cretas-api/src/main/java/com/cretas/aims/ai/tool/impl/workdesk/WagePolicyQueryTool.java,true,true,true,5,0,LOW,"factoryId 被使用 5 次，无可疑模式"
workdesk,WechatRecordCreateTool.java,backend/java/cretas-api/src/main/java/com/cretas/aims/ai/tool/impl/workdesk/WechatRecordCreateTool.java,true,true,true,3,0,LOW,"factoryId 被使用 3 次，无可疑模式"
workdesk,WechatRecordRecentQueryTool.java,backend/java/cretas-api/src/main/java/com/cretas/aims/ai/tool/impl/workdesk/WechatRecordRecentQueryTool.java,true,true,true,4,0,LOW,"factoryId 被使用 4 次，无可疑模式"
hr,WorkerArrivalConfirmTool.java,backend/java/cretas-api/src/main/java/com/cretas/aims/ai/tool/impl/hr/WorkerArrivalConfirmTool.java,true,true,true,2,0,LOW,"factoryId 被使用 2 次，无可疑模式"
dataop,WorkerRealtimeCountTool.java,backend/java/cretas-api/src/main/java/com/cretas/aims/ai/tool/impl/dataop/WorkerRealtimeCountTool.java,true,true,true,4,0,LOW,"factoryId 被使用 4 次，无可疑模式"
workflow,WorkflowRuleTestTool.java,backend/java/cretas-api/src/main/java/com/cretas/aims/ai/tool/impl/workflow/WorkflowRuleTestTool.java,true,true,true,3,0,LOW,"factoryId 被使用 3 次，无可疑模式"
system,WorkflowVariableTestTool.java,backend/java/cretas-api/src/main/java/com/cretas/aims/ai/tool/impl/system/WorkflowVariableTestTool.java,true,true,true,3,0,LOW,"factoryId 被使用 3 次，无可疑模式"
workprocess,WorkProcessCatalogTool.java,backend/java/cretas-api/src/main/java/com/cretas/aims/ai/tool/impl/workprocess/WorkProcessCatalogTool.java,true,true,true,2,0,LOW,"factoryId 被使用 2 次，无可疑模式"
workprocess,WorkProcessConfigUpdateTool.java,backend/java/cretas-api/src/main/java/com/cretas/aims/ai/tool/impl/workprocess/WorkProcessConfigUpdateTool.java,true,true,true,4,0,LOW,"factoryId 被使用 4 次，无可疑模式"
workprocess,WorkProcessTaskAssignTool.java,backend/java/cretas-api/src/main/java/com/cretas/aims/ai/tool/impl/workprocess/WorkProcessTaskAssignTool.java,true,true,true,1,0,LOW,"factoryId 被使用 1 次，无可疑模式"
workprocess,WorkProcessTaskCompleteTool.java,backend/java/cretas-api/src/main/java/com/cretas/aims/ai/tool/impl/workprocess/WorkProcessTaskCompleteTool.java,true,true,true,1,0,LOW,"factoryId 被使用 1 次，无可疑模式"
workprocess,WorkProcessTaskSpawnTool.java,backend/java/cretas-api/src/main/java/com/cretas/aims/ai/tool/impl/workprocess/WorkProcessTaskSpawnTool.java,true,true,true,1,0,LOW,"factoryId 被使用 1 次，无可疑模式"
workprocess,WorkProcessTaskStartTool.java,backend/java/cretas-api/src/main/java/com/cretas/aims/ai/tool/impl/workprocess/WorkProcessTaskStartTool.java,true,true,true,1,0,LOW,"factoryId 被使用 1 次，无可疑模式"
workreport,WorkReportCheckinTool.java,backend/java/cretas-api/src/main/java/com/cretas/aims/ai/tool/impl/workreport/WorkReportCheckinTool.java,true,true,true,3,0,LOW,"factoryId 被使用 3 次，无可疑模式"
workreport,WorkReportDailySummaryTool.java,backend/java/cretas-api/src/main/java/com/cretas/aims/ai/tool/impl/workreport/WorkReportDailySummaryTool.java,true,true,true,5,0,LOW,"factoryId 被使用 5 次，无可疑模式"
workreport,WorkReportHoursTool.java,backend/java/cretas-api/src/main/java/com/cretas/aims/ai/tool/impl/workreport/WorkReportHoursTool.java,true,true,true,3,0,LOW,"factoryId 被使用 3 次，无可疑模式"
workreport,WorkReportProgressTool.java,backend/java/cretas-api/src/main/java/com/cretas/aims/ai/tool/impl/workreport/WorkReportProgressTool.java,true,true,true,3,0,LOW,"factoryId 被使用 3 次，无可疑模式"
restaurant,AbstractReviewGoldTool.java,backend/java/cretas-api/src/main/java/com/cretas/aims/ai/tool/impl/restaurant/gold/review/AbstractReviewGoldTool.java,false,false,false,0,0,EXEMPT,"已声明 factoryId 隔离豁免（白名单）"
foodsafety,AdditiveSmartMatchTool.java,backend/java/cretas-api/src/main/java/com/cretas/aims/ai/tool/impl/foodsafety/AdditiveSmartMatchTool.java,true,false,false,0,0,EXEMPT,"已声明 factoryId 隔离豁免（白名单）"
workflow,ApprovalActionExecuteTool.java,backend/java/cretas-api/src/main/java/com/cretas/aims/ai/tool/impl/workflow/ApprovalActionExecuteTool.java,true,false,false,0,0,EXEMPT,"已声明 factoryId 隔离豁免（白名单）"
workflow,ApprovalPendingQueryTool.java,backend/java/cretas-api/src/main/java/com/cretas/aims/ai/tool/impl/workflow/ApprovalPendingQueryTool.java,true,false,false,0,0,EXEMPT,"已声明 factoryId 隔离豁免（白名单）"
camera,CameraStatusTool.java,backend/java/cretas-api/src/main/java/com/cretas/aims/ai/tool/impl/camera/CameraStatusTool.java,true,false,false,0,0,EXEMPT,"已声明 factoryId 隔离豁免（白名单）"
camera,CameraSubscribeTool.java,backend/java/cretas-api/src/main/java/com/cretas/aims/ai/tool/impl/camera/CameraSubscribeTool.java,true,false,false,0,0,EXEMPT,"已声明 factoryId 隔离豁免（白名单）"
system,ContextContinueTool.java,backend/java/cretas-api/src/main/java/com/cretas/aims/ai/tool/impl/system/ContextContinueTool.java,true,false,false,0,0,EXEMPT,"已声明 factoryId 隔离豁免（白名单）"
restaurant,GoldBackedRestaurantTool.java,backend/java/cretas-api/src/main/java/com/cretas/aims/ai/tool/impl/restaurant/gold/GoldBackedRestaurantTool.java,true,false,false,0,0,EXEMPT,"已声明 factoryId 隔离豁免（白名单）"
foodsafety,IngredientNutritionFactQueryTool.java,backend/java/cretas-api/src/main/java/com/cretas/aims/ai/tool/impl/foodsafety/IngredientNutritionFactQueryTool.java,true,false,false,0,0,EXEMPT,"已声明 factoryId 隔离豁免（白名单）"
system,PaginationNextTool.java,backend/java/cretas-api/src/main/java/com/cretas/aims/ai/tool/impl/system/PaginationNextTool.java,true,false,false,0,0,EXEMPT,"已声明 factoryId 隔离豁免（白名单）"
restaurant,RestaurantComprehensiveSynthesisGoldTool.java,backend/java/cretas-api/src/main/java/com/cretas/aims/ai/tool/impl/restaurant/gold/RestaurantComprehensiveSynthesisGoldTool.java,false,false,false,0,0,EXEMPT,"已声明 factoryId 隔离豁免（白名单）"
restaurant,RestaurantDiscountUsageGoldTool.java,backend/java/cretas-api/src/main/java/com/cretas/aims/ai/tool/impl/restaurant/gold/RestaurantDiscountUsageGoldTool.java,false,false,false,0,0,EXEMPT,"已声明 factoryId 隔离豁免（白名单）"
restaurant,RestaurantDishBestsellerGoldTool.java,backend/java/cretas-api/src/main/java/com/cretas/aims/ai/tool/impl/restaurant/gold/RestaurantDishBestsellerGoldTool.java,false,false,false,0,0,EXEMPT,"已声明 factoryId 隔离豁免（白名单）"
restaurant,RestaurantDishSlowsellerGoldTool.java,backend/java/cretas-api/src/main/java/com/cretas/aims/ai/tool/impl/restaurant/gold/RestaurantDishSlowsellerGoldTool.java,false,false,false,0,0,EXEMPT,"已声明 factoryId 隔离豁免（白名单）"
restaurant,RestaurantOrderTypeMixGoldTool.java,backend/java/cretas-api/src/main/java/com/cretas/aims/ai/tool/impl/restaurant/gold/RestaurantOrderTypeMixGoldTool.java,false,false,false,0,0,EXEMPT,"已声明 factoryId 隔离豁免（白名单）"
restaurant,RestaurantPeakMonthGoldTool.java,backend/java/cretas-api/src/main/java/com/cretas/aims/ai/tool/impl/restaurant/gold/RestaurantPeakMonthGoldTool.java,false,false,false,0,0,EXEMPT,"已声明 factoryId 隔离豁免（白名单）"
restaurant,RestaurantRevenueTrendGoldTool.java,backend/java/cretas-api/src/main/java/com/cretas/aims/ai/tool/impl/restaurant/gold/RestaurantRevenueTrendGoldTool.java,false,false,false,0,0,EXEMPT,"已声明 factoryId 隔离豁免（白名单）"
restaurant,RestaurantStaffRankingGoldTool.java,backend/java/cretas-api/src/main/java/com/cretas/aims/ai/tool/impl/restaurant/gold/RestaurantStaffRankingGoldTool.java,false,false,false,0,0,EXEMPT,"已声明 factoryId 隔离豁免（白名单）"
restaurant,RestaurantStoreRevenueRankGoldTool.java,backend/java/cretas-api/src/main/java/com/cretas/aims/ai/tool/impl/restaurant/gold/RestaurantStoreRevenueRankGoldTool.java,false,false,false,0,0,EXEMPT,"已声明 factoryId 隔离豁免（白名单）"
restaurant,RestaurantWeekdayWeekendGoldTool.java,backend/java/cretas-api/src/main/java/com/cretas/aims/ai/tool/impl/restaurant/gold/RestaurantWeekdayWeekendGoldTool.java,false,false,false,0,0,EXEMPT,"已声明 factoryId 隔离豁免（白名单）"
scale,ScaleAddModelTool.java,backend/java/cretas-api/src/main/java/com/cretas/aims/ai/tool/impl/scale/ScaleAddModelTool.java,true,false,false,0,0,EXEMPT,"已声明 factoryId 隔离豁免（白名单）"
scale,ScaleDeviceDetailTool.java,backend/java/cretas-api/src/main/java/com/cretas/aims/ai/tool/impl/scale/ScaleDeviceDetailTool.java,true,false,false,0,0,EXEMPT,"已声明 factoryId 隔离豁免（白名单）"
system,SendWechatNotificationTool.java,backend/java/cretas-api/src/main/java/com/cretas/aims/ai/tool/impl/system/SendWechatNotificationTool.java,true,false,false,0,0,EXEMPT,"已声明 factoryId 隔离豁免（白名单）"
governance,SkillComposeTool.java,backend/java/cretas-api/src/main/java/com/cretas/aims/ai/tool/impl/governance/SkillComposeTool.java,true,false,false,0,0,EXEMPT,"已声明 factoryId 隔离豁免（白名单）"
governance,SkillManageTool.java,backend/java/cretas-api/src/main/java/com/cretas/aims/ai/tool/impl/governance/SkillManageTool.java,true,false,false,0,0,EXEMPT,"已声明 factoryId 隔离豁免（白名单）"
canvas,SplitOrderTool.java,backend/java/cretas-api/src/main/java/com/cretas/aims/ai/tool/impl/canvas/SplitOrderTool.java,true,false,false,0,0,EXEMPT,"已声明 factoryId 隔离豁免（白名单）"
shipment,TracePublicTool.java,backend/java/cretas-api/src/main/java/com/cretas/aims/ai/tool/impl/shipment/TracePublicTool.java,true,false,false,0,0,EXEMPT,"已声明 factoryId 隔离豁免（白名单）"
root,CreateIntentTool.java,backend/java/cretas-api/src/main/java/com/cretas/aims/ai/tool/impl/CreateIntentTool.java,false,false,false,2,0,NON_BUSINESS_W_FACTORY,"不是 AbstractBusinessTool 子类（可能是工具/查询类）"
dictionary,DictionaryAddTool.java,backend/java/cretas-api/src/main/java/com/cretas/aims/ai/tool/impl/dictionary/DictionaryAddTool.java,false,false,false,7,0,NON_BUSINESS_W_FACTORY,"不是 AbstractBusinessTool 子类（可能是工具/查询类）"
dictionary,DictionaryBatchImportTool.java,backend/java/cretas-api/src/main/java/com/cretas/aims/ai/tool/impl/dictionary/DictionaryBatchImportTool.java,false,false,false,6,0,NON_BUSINESS_W_FACTORY,"不是 AbstractBusinessTool 子类（可能是工具/查询类）"
dictionary,DictionaryListTool.java,backend/java/cretas-api/src/main/java/com/cretas/aims/ai/tool/impl/dictionary/DictionaryListTool.java,false,false,false,5,0,NON_BUSINESS_W_FACTORY,"不是 AbstractBusinessTool 子类（可能是工具/查询类）"
decoration,FactoryHomeLayoutToolStore.java,backend/java/cretas-api/src/main/java/com/cretas/aims/ai/tool/impl/decoration/FactoryHomeLayoutToolStore.java,false,false,false,10,0,NON_BUSINESS_W_FACTORY,"不是 AbstractBusinessTool 子类（可能是工具/查询类）"
restaurant,RestaurantFinancialMetricsFetcher.java,backend/java/cretas-api/src/main/java/com/cretas/aims/ai/tool/impl/restaurant/diagnostic/RestaurantFinancialMetricsFetcher.java,false,false,false,8,0,NON_BUSINESS_W_FACTORY,"不是 AbstractBusinessTool 子类（可能是工具/查询类）"
restaurant,RestaurantReviewCityTool.java,backend/java/cretas-api/src/main/java/com/cretas/aims/ai/tool/impl/restaurant/gold/review/RestaurantReviewCityTool.java,false,false,false,2,0,NON_BUSINESS_W_FACTORY,"不是 AbstractBusinessTool 子类（可能是工具/查询类）"
restaurant,RestaurantReviewComplaintTool.java,backend/java/cretas-api/src/main/java/com/cretas/aims/ai/tool/impl/restaurant/gold/review/RestaurantReviewComplaintTool.java,false,false,false,2,0,NON_BUSINESS_W_FACTORY,"不是 AbstractBusinessTool 子类（可能是工具/查询类）"
restaurant,RestaurantReviewDishTool.java,backend/java/cretas-api/src/main/java/com/cretas/aims/ai/tool/impl/restaurant/gold/review/RestaurantReviewDishTool.java,false,false,false,2,0,NON_BUSINESS_W_FACTORY,"不是 AbstractBusinessTool 子类（可能是工具/查询类）"
restaurant,RestaurantReviewEnvScoreTool.java,backend/java/cretas-api/src/main/java/com/cretas/aims/ai/tool/impl/restaurant/gold/review/RestaurantReviewEnvScoreTool.java,false,false,false,2,0,NON_BUSINESS_W_FACTORY,"不是 AbstractBusinessTool 子类（可能是工具/查询类）"
restaurant,RestaurantReviewGoodTagsTool.java,backend/java/cretas-api/src/main/java/com/cretas/aims/ai/tool/impl/restaurant/gold/review/RestaurantReviewGoodTagsTool.java,false,false,false,2,0,NON_BUSINESS_W_FACTORY,"不是 AbstractBusinessTool 子类（可能是工具/查询类）"
restaurant,RestaurantReviewPlatformTool.java,backend/java/cretas-api/src/main/java/com/cretas/aims/ai/tool/impl/restaurant/gold/review/RestaurantReviewPlatformTool.java,false,false,false,2,0,NON_BUSINESS_W_FACTORY,"不是 AbstractBusinessTool 子类（可能是工具/查询类）"
restaurant,RestaurantReviewReplyRateTool.java,backend/java/cretas-api/src/main/java/com/cretas/aims/ai/tool/impl/restaurant/gold/review/RestaurantReviewReplyRateTool.java,false,false,false,2,0,NON_BUSINESS_W_FACTORY,"不是 AbstractBusinessTool 子类（可能是工具/查询类）"
restaurant,RestaurantReviewScoreTagsTool.java,backend/java/cretas-api/src/main/java/com/cretas/aims/ai/tool/impl/restaurant/gold/review/RestaurantReviewScoreTagsTool.java,false,false,false,2,0,NON_BUSINESS_W_FACTORY,"不是 AbstractBusinessTool 子类（可能是工具/查询类）"
restaurant,RestaurantReviewServiceScoreTool.java,backend/java/cretas-api/src/main/java/com/cretas/aims/ai/tool/impl/restaurant/gold/review/RestaurantReviewServiceScoreTool.java,false,false,false,2,0,NON_BUSINESS_W_FACTORY,"不是 AbstractBusinessTool 子类（可能是工具/查询类）"
restaurant,RestaurantReviewStoreRankTool.java,backend/java/cretas-api/src/main/java/com/cretas/aims/ai/tool/impl/restaurant/gold/review/RestaurantReviewStoreRankTool.java,false,false,false,2,0,NON_BUSINESS_W_FACTORY,"不是 AbstractBusinessTool 子类（可能是工具/查询类）"
restaurant,RestaurantReviewSummaryTool.java,backend/java/cretas-api/src/main/java/com/cretas/aims/ai/tool/impl/restaurant/gold/review/RestaurantReviewSummaryTool.java,false,false,false,2,0,NON_BUSINESS_W_FACTORY,"不是 AbstractBusinessTool 子类（可能是工具/查询类）"
restaurant,RestaurantReviewTimePeriodTool.java,backend/java/cretas-api/src/main/java/com/cretas/aims/ai/tool/impl/restaurant/gold/review/RestaurantReviewTimePeriodTool.java,false,false,false,2,0,NON_BUSINESS_W_FACTORY,"不是 AbstractBusinessTool 子类（可能是工具/查询类）"
restaurant,RestaurantReviewTrendTool.java,backend/java/cretas-api/src/main/java/com/cretas/aims/ai/tool/impl/restaurant/gold/review/RestaurantReviewTrendTool.java,false,false,false,2,0,NON_BUSINESS_W_FACTORY,"不是 AbstractBusinessTool 子类（可能是工具/查询类）"
restaurant,RestaurantReviewVipTagsTool.java,backend/java/cretas-api/src/main/java/com/cretas/aims/ai/tool/impl/restaurant/gold/review/RestaurantReviewVipTagsTool.java,false,false,false,2,0,NON_BUSINESS_W_FACTORY,"不是 AbstractBusinessTool 子类（可能是工具/查询类）"
restaurant,RestaurantReviewVipTool.java,backend/java/cretas-api/src/main/java/com/cretas/aims/ai/tool/impl/restaurant/gold/review/RestaurantReviewVipTool.java,false,false,false,2,0,NON_BUSINESS_W_FACTORY,"不是 AbstractBusinessTool 子类（可能是工具/查询类）"
restaurant,RestaurantShrinkageAnalysisTool.java,backend/java/cretas-api/src/main/java/com/cretas/aims/ai/tool/impl/restaurant/diagnostic/RestaurantShrinkageAnalysisTool.java,false,false,false,5,0,NON_BUSINESS_W_FACTORY,"不是 AbstractBusinessTool 子类（可能是工具/查询类）"
restaurant,RestaurantShrinkageDataFetcher.java,backend/java/cretas-api/src/main/java/com/cretas/aims/ai/tool/impl/restaurant/diagnostic/RestaurantShrinkageDataFetcher.java,false,false,false,6,0,NON_BUSINESS_W_FACTORY,"不是 AbstractBusinessTool 子类（可能是工具/查询类）"
restaurant,RestaurantStorePnlOnePagerTool.java,backend/java/cretas-api/src/main/java/com/cretas/aims/ai/tool/impl/restaurant/diagnostic/RestaurantStorePnlOnePagerTool.java,false,false,false,5,0,NON_BUSINESS_W_FACTORY,"不是 AbstractBusinessTool 子类（可能是工具/查询类）"
restaurant,StoreKpiDashboardTool.java,backend/java/cretas-api/src/main/java/com/cretas/aims/ai/tool/impl/restaurant/diagnostic/StoreKpiDashboardTool.java,false,false,false,2,0,NON_BUSINESS_W_FACTORY,"不是 AbstractBusinessTool 子类（可能是工具/查询类）"
restaurant,StoreReviewRevenueTool.java,backend/java/cretas-api/src/main/java/com/cretas/aims/ai/tool/impl/restaurant/gold/review/StoreReviewRevenueTool.java,false,false,false,2,0,NON_BUSINESS_W_FACTORY,"不是 AbstractBusinessTool 子类（可能是工具/查询类）"
root,TestIntentMatchingTool.java,backend/java/cretas-api/src/main/java/com/cretas/aims/ai/tool/impl/TestIntentMatchingTool.java,false,false,false,7,0,NON_BUSINESS_W_FACTORY,"不是 AbstractBusinessTool 子类（可能是工具/查询类）"
root,UpdateIntentTool.java,backend/java/cretas-api/src/main/java/com/cretas/aims/ai/tool/impl/UpdateIntentTool.java,false,false,false,2,0,NON_BUSINESS_W_FACTORY,"不是 AbstractBusinessTool 子类（可能是工具/查询类）"
restaurant,BomVarianceTool.java,backend/java/cretas-api/src/main/java/com/cretas/aims/ai/tool/impl/restaurant/diagnostic/BomVarianceTool.java,false,false,false,0,0,NON_BUSINESS,"不是 AbstractBusinessTool 子类（可能是工具/查询类）"
restaurant,ComboSplitTool.java,backend/java/cretas-api/src/main/java/com/cretas/aims/ai/tool/impl/restaurant/diagnostic/ComboSplitTool.java,false,false,false,0,0,NON_BUSINESS,"不是 AbstractBusinessTool 子类（可能是工具/查询类）"
restaurant,DailyReconciliationTool.java,backend/java/cretas-api/src/main/java/com/cretas/aims/ai/tool/impl/restaurant/diagnostic/DailyReconciliationTool.java,false,false,false,0,0,NON_BUSINESS,"不是 AbstractBusinessTool 子类（可能是工具/查询类）"
indicator,IndicatorBreachEvaluator.java,backend/java/cretas-api/src/main/java/com/cretas/aims/ai/tool/impl/indicator/IndicatorBreachEvaluator.java,false,false,false,0,0,NON_BUSINESS,"不是 AbstractBusinessTool 子类（可能是工具/查询类）"
restaurant,LaborProductivityTool.java,backend/java/cretas-api/src/main/java/com/cretas/aims/ai/tool/impl/restaurant/diagnostic/LaborProductivityTool.java,false,false,false,0,0,NON_BUSINESS,"不是 AbstractBusinessTool 子类（可能是工具/查询类）"
restaurant,MealPeriodNormalizer.java,backend/java/cretas-api/src/main/java/com/cretas/aims/ai/tool/impl/restaurant/MealPeriodNormalizer.java,false,false,false,0,0,NON_BUSINESS,"不是 AbstractBusinessTool 子类（可能是工具/查询类）"
restaurant,PerformanceEvalTool.java,backend/java/cretas-api/src/main/java/com/cretas/aims/ai/tool/impl/restaurant/diagnostic/PerformanceEvalTool.java,false,false,false,0,0,NON_BUSINESS,"不是 AbstractBusinessTool 子类（可能是工具/查询类）"
restaurant,PieceworkCalcTool.java,backend/java/cretas-api/src/main/java/com/cretas/aims/ai/tool/impl/restaurant/diagnostic/PieceworkCalcTool.java,false,false,false,0,0,NON_BUSINESS,"不是 AbstractBusinessTool 子类（可能是工具/查询类）"
restaurant,ProcurementForecastTool.java,backend/java/cretas-api/src/main/java/com/cretas/aims/ai/tool/impl/restaurant/diagnostic/ProcurementForecastTool.java,false,false,false,0,0,NON_BUSINESS,"不是 AbstractBusinessTool 子类（可能是工具/查询类）"
root,QueryDroolsRuleTool.java,backend/java/cretas-api/src/main/java/com/cretas/aims/ai/tool/impl/QueryDroolsRuleTool.java,false,false,false,0,0,NON_BUSINESS,"不是 AbstractBusinessTool 子类（可能是工具/查询类）"
root,QueryEntitySchemaTool.java,backend/java/cretas-api/src/main/java/com/cretas/aims/ai/tool/impl/QueryEntitySchemaTool.java,false,false,false,0,0,NON_BUSINESS,"不是 AbstractBusinessTool 子类（可能是工具/查询类）"
restaurant,RestaurantBenchmarkAlertTool.java,backend/java/cretas-api/src/main/java/com/cretas/aims/ai/tool/impl/restaurant/diagnostic/RestaurantBenchmarkAlertTool.java,false,false,false,0,0,NON_BUSINESS,"不是 AbstractBusinessTool 子类（可能是工具/查询类）"
restaurant,RestaurantBomLayerStatusTool.java,backend/java/cretas-api/src/main/java/com/cretas/aims/ai/tool/impl/restaurant/diagnostic/RestaurantBomLayerStatusTool.java,false,false,false,0,0,NON_BUSINESS,"不是 AbstractBusinessTool 子类（可能是工具/查询类）"
restaurant,RestaurantCalibrationHistoryTool.java,backend/java/cretas-api/src/main/java/com/cretas/aims/ai/tool/impl/restaurant/diagnostic/RestaurantCalibrationHistoryTool.java,false,false,false,0,0,NON_BUSINESS,"不是 AbstractBusinessTool 子类（可能是工具/查询类）"
restaurant,RestaurantChannelMarginTool.java,backend/java/cretas-api/src/main/java/com/cretas/aims/ai/tool/impl/restaurant/diagnostic/RestaurantChannelMarginTool.java,false,false,false,0,0,NON_BUSINESS,"不是 AbstractBusinessTool 子类（可能是工具/查询类）"
restaurant,RestaurantCostRigidityAnalysisTool.java,backend/java/cretas-api/src/main/java/com/cretas/aims/ai/tool/impl/restaurant/diagnostic/RestaurantCostRigidityAnalysisTool.java,false,false,false,0,0,NON_BUSINESS,"不是 AbstractBusinessTool 子类（可能是工具/查询类）"
restaurant,RestaurantCrossChainBenchmarkTool.java,backend/java/cretas-api/src/main/java/com/cretas/aims/ai/tool/impl/restaurant/diagnostic/RestaurantCrossChainBenchmarkTool.java,false,false,false,0,0,NON_BUSINESS,"不是 AbstractBusinessTool 子类（可能是工具/查询类）"
restaurant,RestaurantDepartmentPnlTool.java,backend/java/cretas-api/src/main/java/com/cretas/aims/ai/tool/impl/restaurant/diagnostic/RestaurantDepartmentPnlTool.java,false,false,false,0,0,NON_BUSINESS,"不是 AbstractBusinessTool 子类（可能是工具/查询类）"
restaurant,RestaurantDiningHeatmapTool.java,backend/java/cretas-api/src/main/java/com/cretas/aims/ai/tool/impl/restaurant/diagnostic/RestaurantDiningHeatmapTool.java,false,false,false,0,0,NON_BUSINESS,"不是 AbstractBusinessTool 子类（可能是工具/查询类）"
restaurant,RestaurantForecastTool.java,backend/java/cretas-api/src/main/java/com/cretas/aims/ai/tool/impl/restaurant/diagnostic/RestaurantForecastTool.java,false,false,false,0,0,NON_BUSINESS,"不是 AbstractBusinessTool 子类（可能是工具/查询类）"
restaurant,RestaurantLongTailSkuTool.java,backend/java/cretas-api/src/main/java/com/cretas/aims/ai/tool/impl/restaurant/diagnostic/RestaurantLongTailSkuTool.java,false,false,false,0,0,NON_BUSINESS,"不是 AbstractBusinessTool 子类（可能是工具/查询类）"
restaurant,RestaurantMemberRfmTool.java,backend/java/cretas-api/src/main/java/com/cretas/aims/ai/tool/impl/restaurant/diagnostic/RestaurantMemberRfmTool.java,false,false,false,0,0,NON_BUSINESS,"不是 AbstractBusinessTool 子类（可能是工具/查询类）"
restaurant,RestaurantMenuEngineeringTool.java,backend/java/cretas-api/src/main/java/com/cretas/aims/ai/tool/impl/restaurant/diagnostic/RestaurantMenuEngineeringTool.java,false,false,false,0,0,NON_BUSINESS,"不是 AbstractBusinessTool 子类（可能是工具/查询类）"
restaurant,RestaurantMenuNormalizationTool.java,backend/java/cretas-api/src/main/java/com/cretas/aims/ai/tool/impl/restaurant/diagnostic/RestaurantMenuNormalizationTool.java,false,false,false,0,0,NON_BUSINESS,"不是 AbstractBusinessTool 子类（可能是工具/查询类）"
restaurant,RestaurantMonthlyPptExportTool.java,backend/java/cretas-api/src/main/java/com/cretas/aims/ai/tool/impl/restaurant/diagnostic/RestaurantMonthlyPptExportTool.java,false,false,false,0,0,NON_BUSINESS,"不是 AbstractBusinessTool 子类（可能是工具/查询类）"
restaurant,RestaurantMultiStoreComparisonTool.java,backend/java/cretas-api/src/main/java/com/cretas/aims/ai/tool/impl/restaurant/diagnostic/RestaurantMultiStoreComparisonTool.java,false,false,false,0,0,NON_BUSINESS,"不是 AbstractBusinessTool 子类（可能是工具/查询类）"
restaurant,RestaurantReviewAnalysisTool.java,backend/java/cretas-api/src/main/java/com/cretas/aims/ai/tool/impl/restaurant/diagnostic/RestaurantReviewAnalysisTool.java,false,false,false,0,0,NON_BUSINESS,"不是 AbstractBusinessTool 子类（可能是工具/查询类）"
restaurant,RestaurantStoredValueTool.java,backend/java/cretas-api/src/main/java/com/cretas/aims/ai/tool/impl/restaurant/diagnostic/RestaurantStoredValueTool.java,false,false,false,0,0,NON_BUSINESS,"不是 AbstractBusinessTool 子类（可能是工具/查询类）"
restaurant,RestaurantTemporalComparisonTool.java,backend/java/cretas-api/src/main/java/com/cretas/aims/ai/tool/impl/restaurant/diagnostic/RestaurantTemporalComparisonTool.java,false,false,false,0,0,NON_BUSINESS,"不是 AbstractBusinessTool 子类（可能是工具/查询类）"
restaurant,RestaurantValueSummaryTool.java,backend/java/cretas-api/src/main/java/com/cretas/aims/ai/tool/impl/restaurant/diagnostic/RestaurantValueSummaryTool.java,false,false,false,0,0,NON_BUSINESS,"不是 AbstractBusinessTool 子类（可能是工具/查询类）"
restaurant,ReturnAnomalyTool.java,backend/java/cretas-api/src/main/java/com/cretas/aims/ai/tool/impl/restaurant/diagnostic/ReturnAnomalyTool.java,false,false,false,0,0,NON_BUSINESS,"不是 AbstractBusinessTool 子类（可能是工具/查询类）"
restaurant,ReviewCompetitiveTool.java,backend/java/cretas-api/src/main/java/com/cretas/aims/ai/tool/impl/restaurant/diagnostic/ReviewCompetitiveTool.java,false,false,false,0,0,NON_BUSINESS,"不是 AbstractBusinessTool 子类（可能是工具/查询类）"
restaurant,SalesPlanTrackTool.java,backend/java/cretas-api/src/main/java/com/cretas/aims/ai/tool/impl/restaurant/SalesPlanTrackTool.java,false,false,false,0,0,NON_BUSINESS,"不是 AbstractBusinessTool 子类（可能是工具/查询类）"
restaurant,SeatOccupancyTool.java,backend/java/cretas-api/src/main/java/com/cretas/aims/ai/tool/impl/restaurant/diagnostic/SeatOccupancyTool.java,false,false,false,0,0,NON_BUSINESS,"不是 AbstractBusinessTool 子类（可能是工具/查询类）"
restaurant,ShiftAnalysisTool.java,backend/java/cretas-api/src/main/java/com/cretas/aims/ai/tool/impl/restaurant/diagnostic/ShiftAnalysisTool.java,false,false,false,0,0,NON_BUSINESS,"不是 AbstractBusinessTool 子类（可能是工具/查询类）"
restaurant,SmartReorderTool.java,backend/java/cretas-api/src/main/java/com/cretas/aims/ai/tool/impl/restaurant/diagnostic/SmartReorderTool.java,false,false,false,0,0,NON_BUSINESS,"不是 AbstractBusinessTool 子类（可能是工具/查询类）"